,Task Coding Sites,Number of Task Coding Sites,Number of Unique Coding Sites,Viability Sites,Number of Viability Sites,Genome Length,Fraction Task Coding Sites,Fraction Viability Sites,Ratio of Viability Sites to Coding Sites,Genome
"run_1533,NOT","[13, 14, 23, 24, 56]",5,30,"[0, 3, 4, 6, 7, 100, 108, 110]",8,112,0.26785714285714285,0.07142857142857142,0.26666666666666666,wrkjatgckdclwucvkAybvybucwpdjwlfjoufjyvuxuvjaobvqkaybjuycwvobvoqvfovtyusajrvmaubjocobyycyanpvmyasoylzvvvvvfcxvga
"run_1533,NAND","[55, 56, 69, 72, 74, 86, 87]",7,30,"[0, 3, 4, 6, 7, 100, 108, 110]",8,112,0.26785714285714285,0.07142857142857142,0.26666666666666666,wrkjatgckdclwucvkAybvybucwpdjwlfjoufjyvuxuvjaobvqkaybjuycwvobvoqvfovtyusajrvmaubjocobyycyanpvmyasoylzvvvvvfcxvga
"run_1533,AND","[55, 56, 69, 70, 72, 77, 78, 83, 85, 86, 87, 91, 93, 95, 96, 98]",16,30,"[0, 3, 4, 6, 7, 100, 108, 110]",8,112,0.26785714285714285,0.07142857142857142,0.26666666666666666,wrkjatgckdclwucvkAybvybucwpdjwlfjoufjyvuxuvjaobvqkaybjuycwvobvoqvfovtyusajrvmaubjocobyycyanpvmyasoylzvvvvvfcxvga
"run_1533,ORNOT","[55, 69, 70, 72, 77, 78, 85]",7,30,"[0, 3, 4, 6, 7, 100, 108, 110]",8,112,0.26785714285714285,0.07142857142857142,0.26666666666666666,wrkjatgckdclwucvkAybvybucwpdjwlfjoufjyvuxuvjaobvqkaybjuycwvobvoqvfovtyusajrvmaubjocobyycyanpvmyasoylzvvvvvfcxvga
"run_1533,OR","[13, 14, 23, 24, 37, 39, 41, 50, 51]",9,30,"[0, 3, 4, 6, 7, 100, 108, 110]",8,112,0.26785714285714285,0.07142857142857142,0.26666666666666666,wrkjatgckdclwucvkAybvybucwpdjwlfjoufjyvuxuvjaobvqkaybjuycwvobvoqvfovtyusajrvmaubjocobyycyanpvmyasoylzvvvvvfcxvga
"run_1533,ANDNOT","[55, 56, 69, 71, 72, 76, 77]",7,30,"[0, 3, 4, 6, 7, 100, 108, 110]",8,112,0.26785714285714285,0.07142857142857142,0.26666666666666666,wrkjatgckdclwucvkAybvybucwpdjwlfjoufjyvuxuvjaobvqkaybjuycwvobvoqvfovtyusajrvmaubjocobyycyanpvmyasoylzvvvvvfcxvga
"run_1533,NOR","[13, 14, 23, 24, 37, 51, 54, 55, 68, 69]",10,30,"[0, 3, 4, 6, 7, 100, 108, 110]",8,112,0.26785714285714285,0.07142857142857142,0.26666666666666666,wrkjatgckdclwucvkAybvybucwpdjwlfjoufjyvuxuvjaobvqkaybjuycwvobvoqvfovtyusajrvmaubjocobyycyanpvmyasoylzvvvvvfcxvga
"run_1533,XOR",[],0,30,"[0, 3, 4, 6, 7, 100, 108, 110]",8,112,0.26785714285714285,0.07142857142857142,0.26666666666666666,wrkjatgckdclwucvkAybvybucwpdjwlfjoufjyvuxuvjaobvqkaybjuycwvobvoqvfovtyusajrvmaubjocobyycyanpvmyasoylzvvvvvfcxvga
"run_1533,EQUALS",[],0,30,"[0, 3, 4, 6, 7, 100, 108, 110]",8,112,0.26785714285714285,0.07142857142857142,0.26666666666666666,wrkjatgckdclwucvkAybvybucwpdjwlfjoufjyvuxuvjaobvqkaybjuycwvobvoqvfovtyusajrvmaubjocobyycyanpvmyasoylzvvvvvfcxvga
"run_1545,NOT","[15, 34, 35]",3,44,"[0, 3, 4, 23, 24, 88, 98, 99]",8,100,0.44,0.08,0.18181818181818182,wayjarbktppAocycrwucyucgcpubqmswfyyceauquaucycibtosqasjActcucdcytAdycrsoynvyxycucpuylypqzvvvvvvvvvxg
"run_1545,NAND","[33, 34, 35, 43, 46, 47, 63]",7,44,"[0, 3, 4, 23, 24, 88, 98, 99]",8,100,0.44,0.08,0.18181818181818182,wayjarbktppAocycrwucyucgcpubqmswfyyceauquaucycibtosqasjActcucdcytAdycrsoynvyxycucpuylypqzvvvvvvvvvxg
"run_1545,AND","[34, 35, 38, 41, 43, 45, 46, 47, 57, 58, 59, 67, 68]",13,44,"[0, 3, 4, 23, 24, 88, 98, 99]",8,100,0.44,0.08,0.18181818181818182,wayjarbktppAocycrwucyucgcpubqmswfyyceauquaucycibtosqasjActcucdcytAdycrsoynvyxycucpuylypqzvvvvvvvvvxg
"run_1545,ORNOT","[33, 38, 42, 44, 45]",5,44,"[0, 3, 4, 23, 24, 88, 98, 99]",8,100,0.44,0.08,0.18181818181818182,wayjarbktppAocycrwucyucgcpubqmswfyyceauquaucycibtosqasjActcucdcytAdycrsoynvyxycucpuylypqzvvvvvvvvvxg
"run_1545,OR","[38, 41, 43, 44, 45, 46, 47, 57, 58, 59, 60, 63, 64, 67, 68, 70, 72]",17,44,"[0, 3, 4, 23, 24, 88, 98, 99]",8,100,0.44,0.08,0.18181818181818182,wayjarbktppAocycrwucyucgcpubqmswfyyceauquaucycibtosqasjActcucdcytAdycrsoynvyxycucpuylypqzvvvvvvvvvxg
"run_1545,ANDNOT","[33, 38, 44, 45, 46, 47, 57, 58, 59, 60, 63, 64, 69, 77, 78]",15,44,"[0, 3, 4, 23, 24, 88, 98, 99]",8,100,0.44,0.08,0.18181818181818182,wayjarbktppAocycrwucyucgcpubqmswfyyceauquaucycibtosqasjActcucdcytAdycrsoynvyxycucpuylypqzvvvvvvvvvxg
"run_1545,NOR","[2, 5, 12, 13, 18, 19, 21, 22, 25, 26, 29, 30]",12,44,"[0, 3, 4, 23, 24, 88, 98, 99]",8,100,0.44,0.08,0.18181818181818182,wayjarbktppAocycrwucyucgcpubqmswfyyceauquaucycibtosqasjActcucdcytAdycrsoynvyxycucpuylypqzvvvvvvvvvxg
"run_1545,XOR",[],0,44,"[0, 3, 4, 23, 24, 88, 98, 99]",8,100,0.44,0.08,0.18181818181818182,wayjarbktppAocycrwucyucgcpubqmswfyyceauquaucycibtosqasjActcucdcytAdycrsoynvyxycucpuylypqzvvvvvvvvvxg
"run_1545,EQUALS","[33, 34, 35, 38, 41, 43, 44, 45, 46, 47, 57, 58, 59, 60, 63, 64, 67, 68, 70, 71, 72, 75, 77, 78, 79, 80, 81, 82, 83]",29,44,"[0, 3, 4, 23, 24, 88, 98, 99]",8,100,0.44,0.08,0.18181818181818182,wayjarbktppAocycrwucyucgcpubqmswfyyceauquaucycibtosqasjActcucdcytAdycrsoynvyxycucpuylypqzvvvvvvvvvxg
"run_1551,NOT","[80, 81, 83, 84, 85]",5,41,"[51, 55, 56, 60, 61, 87, 96, 97, 98, 99]",10,100,0.41,0.1,0.24390243902439027,iatraycacmcyirixkcycyscdqnxtstycAumcscyctcycyybobucwsycjasbcgclajbmtcycyibkzojzjucsyuybzvvvvvfcaxgab
"run_1551,NAND","[42, 43, 49, 50, 53, 54]",6,41,"[51, 55, 56, 60, 61, 87, 96, 97, 98, 99]",10,100,0.41,0.1,0.24390243902439027,iatraycacmcyirixkcycyscdqnxtstycAumcscyctcycyybobucwsycjasbcgclajbmtcycyibkzojzjucsyuybzvvvvvfcaxgab
"run_1551,AND","[18, 19, 21, 22, 27, 28, 29, 30, 31, 33, 34, 36, 38, 39]",14,41,"[51, 55, 56, 60, 61, 87, 96, 97, 98, 99]",10,100,0.41,0.1,0.24390243902439027,iatraycacmcyirixkcycyscdqnxtstycAumcscyctcycyybobucwsycjasbcgclajbmtcycyibkzojzjucsyuybzvvvvvfcaxgab
"run_1551,ORNOT","[18, 19, 21, 22, 27, 28, 29, 30, 31, 33, 35, 37, 41]",13,41,"[51, 55, 56, 60, 61, 87, 96, 97, 98, 99]",10,100,0.41,0.1,0.24390243902439027,iatraycacmcyirixkcycyscdqnxtstycAumcscyctcycyybobucwsycjasbcgclajbmtcycyibkzojzjucsyuybzvvvvvfcaxgab
"run_1551,OR","[42, 43, 44, 45, 49, 50, 52, 53, 54, 57, 63, 66, 68, 71]",14,41,"[51, 55, 56, 60, 61, 87, 96, 97, 98, 99]",10,100,0.41,0.1,0.24390243902439027,iatraycacmcyirixkcycyscdqnxtstycAumcscyctcycyybobucwsycjasbcgclajbmtcycyibkzojzjucsyuybzvvvvvfcaxgab
"run_1551,ANDNOT","[42, 43, 49, 52, 63, 66, 67, 69, 70]",9,41,"[51, 55, 56, 60, 61, 87, 96, 97, 98, 99]",10,100,0.41,0.1,0.24390243902439027,iatraycacmcyirixkcycyscdqnxtstycAumcscyctcycyybobucwsycjasbcgclajbmtcycyibkzojzjucsyuybzvvvvvfcaxgab
"run_1551,NOR","[18, 19, 20, 21, 22, 27, 28, 29, 30, 31, 33, 35, 37, 38, 39, 40, 42, 43]",18,41,"[51, 55, 56, 60, 61, 87, 96, 97, 98, 99]",10,100,0.41,0.1,0.24390243902439027,iatraycacmcyirixkcycyscdqnxtstycAumcscyctcycyybobucwsycjasbcgclajbmtcycyibkzojzjucsyuybzvvvvvfcaxgab
"run_1551,XOR",[],0,41,"[51, 55, 56, 60, 61, 87, 96, 97, 98, 99]",10,100,0.41,0.1,0.24390243902439027,iatraycacmcyirixkcycyscdqnxtstycAumcscyctcycyybobucwsycjasbcgclajbmtcycyibkzojzjucsyuybzvvvvvfcaxgab
"run_1551,EQUALS",[],0,41,"[51, 55, 56, 60, 61, 87, 96, 97, 98, 99]",10,100,0.41,0.1,0.24390243902439027,iatraycacmcyirixkcycyscdqnxtstycAumcscyctcycyybobucwsycjasbcgclajbmtcycyibkzojzjucsyuybzvvvvvfcaxgab
"run_1549,NOT","[13, 14, 15, 18, 44]",5,47,"[0, 3, 4, 7, 10, 109, 113]",7,115,0.40869565217391307,0.06086956521739131,0.14893617021276595,wxpjabgcbgcvhuycdvuaobyumjsAvyrrzyoAubycvuebyapcucsabsmqjuoysmywylyckbsjybucmapubvyrdcvvyvyjvrayvwizuqbzvvvfcxvvvga
"run_1549,NAND","[67, 72, 74, 75, 83]",5,47,"[0, 3, 4, 7, 10, 109, 113]",7,115,0.40869565217391307,0.06086956521739131,0.14893617021276595,wxpjabgcbgcvhuycdvuaobyumjsAvyrrzyoAubycvuebyapcucsabsmqjuoysmywylyckbsjybucmapubvyrdcvvyvyjvrayvwizuqbzvvvfcxvvvga
"run_1549,AND","[32, 33, 38, 39, 41, 44, 45, 46, 47, 48, 59, 60, 61]",13,47,"[0, 3, 4, 7, 10, 109, 113]",7,115,0.40869565217391307,0.06086956521739131,0.14893617021276595,wxpjabgcbgcvhuycdvuaobyumjsAvyrrzyoAubycvuebyapcucsabsmqjuoysmywylyckbsjybucmapubvyrdcvvyvyjvrayvwizuqbzvvvfcxvvvga
"run_1549,ORNOT","[32, 34, 48, 49, 66]",5,47,"[0, 3, 4, 7, 10, 109, 113]",7,115,0.40869565217391307,0.06086956521739131,0.14893617021276595,wxpjabgcbgcvhuycdvuaobyumjsAvyrrzyoAubycvuebyapcucsabsmqjuoysmywylyckbsjybucmapubvyrdcvvyvyjvrayvwizuqbzvvvfcxvvvga
"run_1549,OR","[33, 34, 36, 38, 39, 41, 45, 46, 47, 48, 49, 51, 53, 54, 59]",15,47,"[0, 3, 4, 7, 10, 109, 113]",7,115,0.40869565217391307,0.06086956521739131,0.14893617021276595,wxpjabgcbgcvhuycdvuaobyumjsAvyrrzyoAubycvuebyapcucsabsmqjuoysmywylyckbsjybucmapubvyrdcvvyvyjvrayvwizuqbzvvvfcxvvvga
"run_1549,ANDNOT","[14, 15, 22, 23, 24, 26, 29]",7,47,"[0, 3, 4, 7, 10, 109, 113]",7,115,0.40869565217391307,0.06086956521739131,0.14893617021276595,wxpjabgcbgcvhuycdvuaobyumjsAvyrrzyoAubycvuebyapcucsabsmqjuoysmywylyckbsjybucmapubvyrdcvvyvyjvrayvwizuqbzvvvfcxvvvga
"run_1549,NOR","[33, 34, 36, 38, 39, 41, 45, 46, 47, 48, 49, 50, 51, 76, 77, 93, 94, 95]",18,47,"[0, 3, 4, 7, 10, 109, 113]",7,115,0.40869565217391307,0.06086956521739131,0.14893617021276595,wxpjabgcbgcvhuycdvuaobyumjsAvyrrzyoAubycvuebyapcucsabsmqjuoysmywylyckbsjybucmapubvyrdcvvyvyjvrayvwizuqbzvvvfcxvvvga
"run_1549,XOR",[],0,47,"[0, 3, 4, 7, 10, 109, 113]",7,115,0.40869565217391307,0.06086956521739131,0.14893617021276595,wxpjabgcbgcvhuycdvuaobyumjsAvyrrzyoAubycvuebyapcucsabsmqjuoysmywylyckbsjybucmapubvyrdcvvyvyjvrayvwizuqbzvvvfcxvvvga
"run_1549,EQUALS","[33, 34, 36, 38, 39, 41, 44, 45, 46, 47, 48, 49, 51, 54, 57, 58, 59, 62, 64, 67, 72, 74, 75, 78, 79, 82]",26,47,"[0, 3, 4, 7, 10, 109, 113]",7,115,0.40869565217391307,0.06086956521739131,0.14893617021276595,wxpjabgcbgcvhuycdvuaobyumjsAvyrrzyoAubycvuebyapcucsabsmqjuoysmywylyckbsjybucmapubvyrdcvvyvyjvrayvwizuqbzvvvfcxvvvga
"run_1555,NOT","[20, 42, 43]",3,34,"[2, 3, 4, 13, 14, 87, 94, 98]",8,100,0.34,0.08,0.23529411764705882,ocwjahlcrrbycgcuubycpxjbmbadakbukucyvbwuobycvaybpcxavuucmcpetbvebncryrvynaoucsbycmscysazvvvvfcxvvvga
"run_1555,NAND","[68, 69, 71, 73, 75, 76, 79, 80]",8,34,"[2, 3, 4, 13, 14, 87, 94, 98]",8,100,0.34,0.08,0.23529411764705882,ocwjahlcrrbycgcuubycpxjbmbadakbukucyvbwuobycvaybpcxavuucmcpetbvebncryrvynaoucsbycmscysazvvvvfcxvvvga
"run_1555,AND",[],0,34,"[2, 3, 4, 13, 14, 87, 94, 98]",8,100,0.34,0.08,0.23529411764705882,ocwjahlcrrbycgcuubycpxjbmbadakbukucyvbwuobycvaybpcxavuucmcpetbvebncryrvynaoucsbycmscysazvvvvfcxvvvga
"run_1555,ORNOT","[20, 31, 33, 34, 35, 39, 46]",7,34,"[2, 3, 4, 13, 14, 87, 94, 98]",8,100,0.34,0.08,0.23529411764705882,ocwjahlcrrbycgcuubycpxjbmbadakbukucyvbwuobycvaybpcxavuucmcpetbvebncryrvynaoucsbycmscysazvvvvfcxvvvga
"run_1555,OR","[19, 33, 34, 35, 39, 40, 42, 46, 48, 49, 53, 54, 55, 56, 57, 65, 66, 68]",18,34,"[2, 3, 4, 13, 14, 87, 94, 98]",8,100,0.34,0.08,0.23529411764705882,ocwjahlcrrbycgcuubycpxjbmbadakbukucyvbwuobycvaybpcxavuucmcpetbvebncryrvynaoucsbycmscysazvvvvfcxvvvga
"run_1555,ANDNOT","[68, 69, 71, 75, 77, 80, 81, 83, 84]",9,34,"[2, 3, 4, 13, 14, 87, 94, 98]",8,100,0.34,0.08,0.23529411764705882,ocwjahlcrrbycgcuubycpxjbmbadakbukucyvbwuobycvaybpcxavuucmcpetbvebncryrvynaoucsbycmscysazvvvvfcxvvvga
"run_1555,NOR","[19, 33, 34, 35, 39, 40, 42, 46, 48, 49, 53, 54, 55, 56, 57, 58, 60, 66, 69]",19,34,"[2, 3, 4, 13, 14, 87, 94, 98]",8,100,0.34,0.08,0.23529411764705882,ocwjahlcrrbycgcuubycpxjbmbadakbukucyvbwuobycvaybpcxavuucmcpetbvebncryrvynaoucsbycmscysazvvvvfcxvvvga
"run_1555,XOR",[],0,34,"[2, 3, 4, 13, 14, 87, 94, 98]",8,100,0.34,0.08,0.23529411764705882,ocwjahlcrrbycgcuubycpxjbmbadakbukucyvbwuobycvaybpcxavuucmcpetbvebncryrvynaoucsbycmscysazvvvvfcxvvvga
"run_1555,EQUALS",[],0,34,"[2, 3, 4, 13, 14, 87, 94, 98]",8,100,0.34,0.08,0.23529411764705882,ocwjahlcrrbycgcuubycpxjbmbadakbukucyvbwuobycvaybpcxavuucmcpetbvebncryrvynaoucsbycmscysazvvvvfcxvvvga
"run_1530,NOT","[7, 8, 9, 11, 12, 15, 19, 24, 34, 35]",10,39,"[2, 13, 14, 21, 22, 27, 28, 46, 73, 83, 96, 97, 98, 99]",14,100,0.39,0.14,0.358974358974359,hbwmsxnuoybpcjaneamargcjopfucdclxancybAoumsyuujoyycuaycmyaomayuucdocpuoyhbsmycyosagbzzuzvvvvvfcaxgab
"run_1530,NAND","[48, 49, 50, 51, 52, 56, 57]",7,39,"[2, 13, 14, 21, 22, 27, 28, 46, 73, 83, 96, 97, 98, 99]",14,100,0.39,0.14,0.358974358974359,hbwmsxnuoybpcjaneamargcjopfucdclxancybAoumsyuujoyycuaycmyaomayuucdocpuoyhbsmycyosagbzzuzvvvvvfcaxgab
"run_1530,AND","[54, 56, 61, 63, 64, 71, 74, 75, 78]",9,39,"[2, 13, 14, 21, 22, 27, 28, 46, 73, 83, 96, 97, 98, 99]",14,100,0.39,0.14,0.358974358974359,hbwmsxnuoybpcjaneamargcjopfucdclxancybAoumsyuujoyycuaycmyaomayuucdocpuoyhbsmycyosagbzzuzvvvvvfcaxgab
"run_1530,ORNOT","[54, 61, 62, 63, 64, 76, 77]",7,39,"[2, 13, 14, 21, 22, 27, 28, 46, 73, 83, 96, 97, 98, 99]",14,100,0.39,0.14,0.358974358974359,hbwmsxnuoybpcjaneamargcjopfucdclxancybAoumsyuujoyycuaycmyaomayuucdocpuoyhbsmycyosagbzzuzvvvvvfcaxgab
"run_1530,OR","[7, 8, 9, 11, 12, 15, 19, 24, 43, 44, 45, 48]",12,39,"[2, 13, 14, 21, 22, 27, 28, 46, 73, 83, 96, 97, 98, 99]",14,100,0.39,0.14,0.358974358974359,hbwmsxnuoybpcjaneamargcjopfucdclxancybAoumsyuujoyycuaycmyaomayuucdocpuoyhbsmycyosagbzzuzvvvvvfcaxgab
"run_1530,ANDNOT","[54, 61, 63, 64, 66, 67, 68, 69, 71]",9,39,"[2, 13, 14, 21, 22, 27, 28, 46, 73, 83, 96, 97, 98, 99]",14,100,0.39,0.14,0.358974358974359,hbwmsxnuoybpcjaneamargcjopfucdclxancybAoumsyuujoyycuaycmyaomayuucdocpuoyhbsmycyosagbzzuzvvvvvfcaxgab
"run_1530,NOR","[7, 8, 9, 11, 12, 15, 19, 24, 34, 35, 36, 40, 41, 42, 43]",15,39,"[2, 13, 14, 21, 22, 27, 28, 46, 73, 83, 96, 97, 98, 99]",14,100,0.39,0.14,0.358974358974359,hbwmsxnuoybpcjaneamargcjopfucdclxancybAoumsyuujoyycuaycmyaomayuucdocpuoyhbsmycyosagbzzuzvvvvvfcaxgab
"run_1530,XOR",[],0,39,"[2, 13, 14, 21, 22, 27, 28, 46, 73, 83, 96, 97, 98, 99]",14,100,0.39,0.14,0.358974358974359,hbwmsxnuoybpcjaneamargcjopfucdclxancybAoumsyuujoyycuaycmyaomayuucdocpuoyhbsmycyosagbzzuzvvvvvfcaxgab
"run_1530,EQUALS",[],0,39,"[2, 13, 14, 21, 22, 27, 28, 46, 73, 83, 96, 97, 98, 99]",14,100,0.39,0.14,0.358974358974359,hbwmsxnuoybpcjaneamargcjopfucdclxancybAoumsyuujoyycuaycmyaomayuucdocpuoyhbsmycyosagbzzuzvvvvvfcaxgab
"run_1534,NOT","[54, 55, 56, 57, 59, 60]",6,36,"[12, 14, 15, 17, 18, 114, 120, 124]",8,126,0.2857142857142857,0.06349206349206349,0.2222222222222222,jasxsrajasrawkjaygcmvbkvtuvxszcbxtaveqvvsAsnusavvnmrskycpuxtyucsycvvrcsctcdvaycsmoyqucdaxtbpqsjuyvpubyecmsvyvfvuybzvvvfcxvvvga
"run_1534,NAND","[54, 55, 60, 61, 62, 64, 65]",7,36,"[12, 14, 15, 17, 18, 114, 120, 124]",8,126,0.2857142857142857,0.06349206349206349,0.2222222222222222,jasxsrajasrawkjaygcmvbkvtuvxszcbxtaveqvvsAsnusavvnmrskycpuxtyucsycvvrcsctcdvaycsmoyqucdaxtbpqsjuyvpubyecmsvyvfvuybzvvvfcxvvvga
"run_1534,AND","[77, 78, 82, 83, 84, 85, 91, 93, 95, 96]",10,36,"[12, 14, 15, 17, 18, 114, 120, 124]",8,126,0.2857142857142857,0.06349206349206349,0.2222222222222222,jasxsrajasrawkjaygcmvbkvtuvxszcbxtaveqvvsAsnusavvnmrskycpuxtyucsycvvrcsctcdvaycsmoyqucdaxtbpqsjuyvpubyecmsvyvfvuybzvvvfcxvvvga
"run_1534,ORNOT","[77, 78, 84, 85, 111, 112]",6,36,"[12, 14, 15, 17, 18, 114, 120, 124]",8,126,0.2857142857142857,0.06349206349206349,0.2222222222222222,jasxsrajasrawkjaygcmvbkvtuvxszcbxtaveqvvsAsnusavvnmrskycpuxtyucsycvvrcsctcdvaycsmoyqucdaxtbpqsjuyvpubyecmsvyvfvuybzvvvfcxvvvga
"run_1534,OR","[54, 55, 60, 61, 62, 63, 64, 65, 69, 71, 73, 77, 78, 79, 80, 82]",16,36,"[12, 14, 15, 17, 18, 114, 120, 124]",8,126,0.2857142857142857,0.06349206349206349,0.2222222222222222,jasxsrajasrawkjaygcmvbkvtuvxszcbxtaveqvvsAsnusavvnmrskycpuxtyucsycvvrcsctcdvaycsmoyqucdaxtbpqsjuyvpubyecmsvyvfvuybzvvvfcxvvvga
"run_1534,ANDNOT","[64, 65, 77, 78, 82, 84, 85, 96, 101, 104, 105, 107]",12,36,"[12, 14, 15, 17, 18, 114, 120, 124]",8,126,0.2857142857142857,0.06349206349206349,0.2222222222222222,jasxsrajasrawkjaygcmvbkvtuvxszcbxtaveqvvsAsnusavvnmrskycpuxtyucsycvvrcsctcdvaycsmoyqucdaxtbpqsjuyvpubyecmsvyvfvuybzvvvfcxvvvga
"run_1534,NOR",[101],1,36,"[12, 14, 15, 17, 18, 114, 120, 124]",8,126,0.2857142857142857,0.06349206349206349,0.2222222222222222,jasxsrajasrawkjaygcmvbkvtuvxszcbxtaveqvvsAsnusavvnmrskycpuxtyucsycvvrcsctcdvaycsmoyqucdaxtbpqsjuyvpubyecmsvyvfvuybzvvvfcxvvvga
"run_1534,XOR",[],0,36,"[12, 14, 15, 17, 18, 114, 120, 124]",8,126,0.2857142857142857,0.06349206349206349,0.2222222222222222,jasxsrajasrawkjaygcmvbkvtuvxszcbxtaveqvvsAsnusavvnmrskycpuxtyucsycvvrcsctcdvaycsmoyqucdaxtbpqsjuyvpubyecmsvyvfvuybzvvvfcxvvvga
"run_1534,EQUALS","[54, 55, 60, 61, 62, 63, 64, 65, 69, 71, 73, 77, 78, 79, 80, 81, 82, 83, 84, 85, 92, 98, 99, 101]",24,36,"[12, 14, 15, 17, 18, 114, 120, 124]",8,126,0.2857142857142857,0.06349206349206349,0.2222222222222222,jasxsrajasrawkjaygcmvbkvtuvxszcbxtaveqvvsAsnusavvnmrskycpuxtyucsycvvrcsctcdvaycsmoyqucdaxtbpqsjuyvpubyecmsvyvfvuybzvvvfcxvvvga
"run_1546,NOT","[31, 38, 39, 40, 50, 51, 60, 61, 62, 67, 71, 72]",12,43,"[3, 4, 5, 6, 7, 114, 115, 116, 117, 118]",10,120,0.35833333333333334,0.08333333333333333,0.23255813953488372,aanwjagcvxqvwelhatcaeozaqtvmyvycjumsvcyyarbuvwvobucycvdxvwmAnucvocoyubucyvuvycsvvecAnzmvrubpcubycypsctcsypbwzvvvfcxvvvga
"run_1546,NAND","[30, 31, 38, 50, 58, 60]",6,43,"[3, 4, 5, 6, 7, 114, 115, 116, 117, 118]",10,120,0.35833333333333334,0.08333333333333333,0.23255813953488372,aanwjagcvxqvwelhatcaeozaqtvmyvycjumsvcyyarbuvwvobucycvdxvwmAnucvocoyubucyvuvycsvvecAnzmvrubpcubycypsctcsypbwzvvvfcxvvvga
"run_1546,AND","[30, 31, 38, 43, 50, 52, 58, 60, 62, 66, 85, 89, 91, 92, 93, 97]",16,43,"[3, 4, 5, 6, 7, 114, 115, 116, 117, 118]",10,120,0.35833333333333334,0.08333333333333333,0.23255813953488372,aanwjagcvxqvwelhatcaeozaqtvmyvycjumsvcyyarbuvwvobucycvdxvwmAnucvocoyubucyvuvycsvvecAnzmvrubpcubycypsctcsypbwzvvvfcxvvvga
"run_1546,ORNOT",[49],1,43,"[3, 4, 5, 6, 7, 114, 115, 116, 117, 118]",10,120,0.35833333333333334,0.08333333333333333,0.23255813953488372,aanwjagcvxqvwelhatcaeozaqtvmyvycjumsvcyyarbuvwvobucycvdxvwmAnucvocoyubucyvuvycsvvecAnzmvrubpcubycypsctcsypbwzvvvfcxvvvga
"run_1546,OR","[40, 51, 61, 62, 67, 68, 70, 76, 77]",9,43,"[3, 4, 5, 6, 7, 114, 115, 116, 117, 118]",10,120,0.35833333333333334,0.08333333333333333,0.23255813953488372,aanwjagcvxqvwelhatcaeozaqtvmyvycjumsvcyyarbuvwvobucycvdxvwmAnucvocoyubucyvuvycsvvecAnzmvrubpcubycypsctcsypbwzvvvfcxvvvga
"run_1546,ANDNOT","[28, 30, 31, 33, 34, 35]",6,43,"[3, 4, 5, 6, 7, 114, 115, 116, 117, 118]",10,120,0.35833333333333334,0.08333333333333333,0.23255813953488372,aanwjagcvxqvwelhatcaeozaqtvmyvycjumsvcyyarbuvwvobucycvdxvwmAnucvocoyubucyvuvycsvvecAnzmvrubpcubycypsctcsypbwzvvvfcxvvvga
"run_1546,NOR","[30, 31, 38, 39, 40, 43, 50, 51, 52, 60, 61, 62, 64, 65, 66, 67, 72, 76, 91, 95, 96, 98, 99, 100, 101, 102, 103, 104]",28,43,"[3, 4, 5, 6, 7, 114, 115, 116, 117, 118]",10,120,0.35833333333333334,0.08333333333333333,0.23255813953488372,aanwjagcvxqvwelhatcaeozaqtvmyvycjumsvcyyarbuvwvobucycvdxvwmAnucvocoyubucyvuvycsvvecAnzmvrubpcubycypsctcsypbwzvvvfcxvvvga
"run_1546,XOR",[],0,43,"[3, 4, 5, 6, 7, 114, 115, 116, 117, 118]",10,120,0.35833333333333334,0.08333333333333333,0.23255813953488372,aanwjagcvxqvwelhatcaeozaqtvmyvycjumsvcyyarbuvwvobucycvdxvwmAnucvocoyubucyvuvycsvvecAnzmvrubpcubycypsctcsypbwzvvvfcxvvvga
"run_1546,EQUALS",[],0,43,"[3, 4, 5, 6, 7, 114, 115, 116, 117, 118]",10,120,0.35833333333333334,0.08333333333333333,0.23255813953488372,aanwjagcvxqvwelhatcaeozaqtvmyvycjumsvcyyarbuvwvobucycvdxvwmAnucvocoyubucyvuvycsvvecAnzmvrubpcubycypsctcsypbwzvvvfcxvvvga
"run_1540,NOT","[38, 39, 43, 44, 45]",5,42,"[3, 6, 7, 26, 30, 86, 98, 99]",8,100,0.42,0.08,0.1904761904761905,nbuwobjaqkckcyceAuxscfwycgcwagcjcjcdwcibvtatcycaxbuyAouqaxusmyxqucnmsycscqmyepmctyuyclzvvvvvvvvvvvxg
"run_1540,NAND","[45, 46, 64, 65, 69, 70]",6,42,"[3, 6, 7, 26, 30, 86, 98, 99]",8,100,0.42,0.08,0.1904761904761905,nbuwobjaqkckcyceAuxscfwycgcwagcjcjcdwcibvtatcycaxbuyAouqaxusmyxqucnmsycscqmyepmctyuyclzvvvvvvvvvvvxg
"run_1540,AND","[45, 54, 58, 59, 60, 61]",6,42,"[3, 6, 7, 26, 30, 86, 98, 99]",8,100,0.42,0.08,0.1904761904761905,nbuwobjaqkckcyceAuxscfwycgcwagcjcjcdwcibvtatcycaxbuyAouqaxusmyxqucnmsycscqmyepmctyuyclzvvvvvvvvvvvxg
"run_1540,ORNOT","[13, 14, 17, 20, 24, 45, 50, 51]",8,42,"[3, 6, 7, 26, 30, 86, 98, 99]",8,100,0.42,0.08,0.1904761904761905,nbuwobjaqkckcyceAuxscfwycgcwagcjcjcdwcibvtatcycaxbuyAouqaxusmyxqucnmsycscqmyepmctyuyclzvvvvvvvvvvvxg
"run_1540,OR","[45, 46, 51, 61, 64, 65, 66, 67, 68, 69, 70, 71, 78, 79, 83, 84]",16,42,"[3, 6, 7, 26, 30, 86, 98, 99]",8,100,0.42,0.08,0.1904761904761905,nbuwobjaqkckcyceAuxscfwycgcwagcjcjcdwcibvtatcycaxbuyAouqaxusmyxqucnmsycscqmyepmctyuyclzvvvvvvvvvvvxg
"run_1540,ANDNOT","[46, 61, 64, 66, 67, 68, 72, 74, 75]",9,42,"[3, 6, 7, 26, 30, 86, 98, 99]",8,100,0.42,0.08,0.1904761904761905,nbuwobjaqkckcyceAuxscfwycgcwagcjcjcdwcibvtatcycaxbuyAouqaxusmyxqucnmsycscqmyepmctyuyclzvvvvvvvvvvvxg
"run_1540,NOR","[4, 8, 13, 23, 45, 46, 51, 55, 61, 63, 64, 65, 66, 67, 68, 69, 70, 71, 72, 73, 77, 78, 79, 80, 81]",25,42,"[3, 6, 7, 26, 30, 86, 98, 99]",8,100,0.42,0.08,0.1904761904761905,nbuwobjaqkckcyceAuxscfwycgcwagcjcjcdwcibvtatcycaxbuyAouqaxusmyxqucnmsycscqmyepmctyuyclzvvvvvvvvvvvxg
"run_1540,XOR",[],0,42,"[3, 6, 7, 26, 30, 86, 98, 99]",8,100,0.42,0.08,0.1904761904761905,nbuwobjaqkckcyceAuxscfwycgcwagcjcjcdwcibvtatcycaxbuyAouqaxusmyxqucnmsycscqmyepmctyuyclzvvvvvvvvvvvxg
"run_1540,EQUALS",[],0,42,"[3, 6, 7, 26, 30, 86, 98, 99]",8,100,0.42,0.08,0.1904761904761905,nbuwobjaqkckcyceAuxscfwycgcwagcjcjcdwcibvtatcycaxbuyAouqaxusmyxqucnmsycscqmyepmctyuyclzvvvvvvvvvvvxg
"run_1552,NOT","[69, 70, 72, 73, 75, 77, 78, 85, 86]",9,36,"[0, 1, 2, 7, 8, 27, 98, 108, 109]",9,111,0.32432432432432434,0.08108108108108109,0.25,wjafnbagcAtflAxjelcancubncszhcnyycumscAycibjdacojaxbfscctltybncvuyuobycjscdnwtcjbvmkaycrowtvvnyuvvzvvvvvvvfcxga
"run_1552,NAND","[31, 32, 33, 34, 35, 37, 40, 41, 42, 53, 54, 61, 62, 69, 70]",15,36,"[0, 1, 2, 7, 8, 27, 98, 108, 109]",9,111,0.32432432432432434,0.08108108108108109,0.25,wjafnbagcAtflAxjelcancubncszhcnyycumscAycibjdacojaxbfscctltybncvuyuobycjscdnwtcjbvmkaycrowtvvnyuvvzvvvvvvvfcxga
"run_1552,AND","[31, 32, 33, 34, 35, 37, 40, 41, 42, 53, 54, 56, 58, 59]",14,36,"[0, 1, 2, 7, 8, 27, 98, 108, 109]",9,111,0.32432432432432434,0.08108108108108109,0.25,wjafnbagcAtflAxjelcancubncszhcnyycumscAycibjdacojaxbfscctltybncvuyuobycjscdnwtcjbvmkaycrowtvvnyuvvzvvvvvvvfcxga
"run_1552,ORNOT","[32, 33, 34, 35, 37, 39, 40, 41, 42, 53, 54, 59, 61, 62, 64, 65]",16,36,"[0, 1, 2, 7, 8, 27, 98, 108, 109]",9,111,0.32432432432432434,0.08108108108108109,0.25,wjafnbagcAtflAxjelcancubncszhcnyycumscAycibjdacojaxbfscctltybncvuyuobycjscdnwtcjbvmkaycrowtvvnyuvvzvvvvvvvfcxga
"run_1552,OR","[31, 32, 33, 34, 37, 39, 40, 41, 42, 53, 54, 59, 61, 62, 65, 66, 69, 70, 73, 75, 78, 82, 84, 85, 86, 87, 90, 93, 94]",29,36,"[0, 1, 2, 7, 8, 27, 98, 108, 109]",9,111,0.32432432432432434,0.08108108108108109,0.25,wjafnbagcAtflAxjelcancubncszhcnyycumscAycibjdacojaxbfscctltybncvuyuobycjscdnwtcjbvmkaycrowtvvnyuvvzvvvvvvvfcxga
"run_1552,ANDNOT","[31, 32, 33, 34, 35, 36, 37, 39, 40]",9,36,"[0, 1, 2, 7, 8, 27, 98, 108, 109]",9,111,0.32432432432432434,0.08108108108108109,0.25,wjafnbagcAtflAxjelcancubncszhcnyycumscAycibjdacojaxbfscctltybncvuyuobycjscdnwtcjbvmkaycrowtvvnyuvvzvvvvvvvfcxga
"run_1552,NOR",[],0,36,"[0, 1, 2, 7, 8, 27, 98, 108, 109]",9,111,0.32432432432432434,0.08108108108108109,0.25,wjafnbagcAtflAxjelcancubncszhcnyycumscAycibjdacojaxbfscctltybncvuyuobycjscdnwtcjbvmkaycrowtvvnyuvvzvvvvvvvfcxga
"run_1552,XOR",[],0,36,"[0, 1, 2, 7, 8, 27, 98, 108, 109]",9,111,0.32432432432432434,0.08108108108108109,0.25,wjafnbagcAtflAxjelcancubncszhcnyycumscAycibjdacojaxbfscctltybncvuyuobycjscdnwtcjbvmkaycrowtvvnyuvvzvvvvvvvfcxga
"run_1552,EQUALS",[],0,36,"[0, 1, 2, 7, 8, 27, 98, 108, 109]",9,111,0.32432432432432434,0.08108108108108109,0.25,wjafnbagcAtflAxjelcancubncszhcnyycumscAycibjdacojaxbfscctltybncvuyuobycjscdnwtcjbvmkaycrowtvvnyuvvzvvvvvvvfcxga
"run_1556,NOT","[32, 33, 37, 38, 40]",5,29,"[7, 8, 11, 12, 87, 96, 99]",7,100,0.29,0.07,0.24137931034482762,ooohwwcjadlgcjlhctbnujhacjnbeyvwscobmaubyvfisbddckiascpycucuysxycefiuclamdycrbjsytbycylzvvvvvvvvxvvg
"run_1556,NAND","[29, 34, 54, 55, 56, 58, 63, 64]",8,29,"[7, 8, 11, 12, 87, 96, 99]",7,100,0.29,0.07,0.24137931034482762,ooohwwcjadlgcjlhctbnujhacjnbeyvwscobmaubyvfisbddckiascpycucuysxycefiuclamdycrbjsytbycylzvvvvvvvvxvvg
"run_1556,AND","[29, 34, 54, 55, 56, 57, 58, 60, 61, 63, 64, 69, 71, 72, 74, 75, 76, 80, 81, 85]",20,29,"[7, 8, 11, 12, 87, 96, 99]",7,100,0.29,0.07,0.24137931034482762,ooohwwcjadlgcjlhctbnujhacjnbeyvwscobmaubyvfisbddckiascpycucuysxycefiuclamdycrbjsytbycylzvvvvvvvvxvvg
"run_1556,ORNOT","[29, 34, 54, 55, 56, 57, 59, 60]",8,29,"[7, 8, 11, 12, 87, 96, 99]",7,100,0.29,0.07,0.24137931034482762,ooohwwcjadlgcjlhctbnujhacjnbeyvwscobmaubyvfisbddckiascpycucuysxycefiuclamdycrbjsytbycylzvvvvvvvvxvvg
"run_1556,OR","[29, 34, 40, 54, 55, 56, 57, 58, 60, 61, 63, 64, 69, 71, 72, 74, 75, 79, 80]",19,29,"[7, 8, 11, 12, 87, 96, 99]",7,100,0.29,0.07,0.24137931034482762,ooohwwcjadlgcjlhctbnujhacjnbeyvwscobmaubyvfisbddckiascpycucuysxycefiuclamdycrbjsytbycylzvvvvvvvvxvvg
"run_1556,ANDNOT","[29, 34, 40, 54, 55, 56, 57, 58, 60, 61, 64, 69, 71, 72, 76, 83, 84]",17,29,"[7, 8, 11, 12, 87, 96, 99]",7,100,0.29,0.07,0.24137931034482762,ooohwwcjadlgcjlhctbnujhacjnbeyvwscobmaubyvfisbddckiascpycucuysxycefiuclamdycrbjsytbycylzvvvvvvvvxvvg
"run_1556,NOR",[],0,29,"[7, 8, 11, 12, 87, 96, 99]",7,100,0.29,0.07,0.24137931034482762,ooohwwcjadlgcjlhctbnujhacjnbeyvwscobmaubyvfisbddckiascpycucuysxycefiuclamdycrbjsytbycylzvvvvvvvvxvvg
"run_1556,XOR",[],0,29,"[7, 8, 11, 12, 87, 96, 99]",7,100,0.29,0.07,0.24137931034482762,ooohwwcjadlgcjlhctbnujhacjnbeyvwscobmaubyvfisbddckiascpycucuysxycefiuclamdycrbjsytbycylzvvvvvvvvxvvg
"run_1556,EQUALS",[],0,29,"[7, 8, 11, 12, 87, 96, 99]",7,100,0.29,0.07,0.24137931034482762,ooohwwcjadlgcjlhctbnujhacjnbeyvwscobmaubyvfisbddckiascpycucuysxycefiuclamdycrbjsytbycylzvvvvvvvvxvvg
"run_1531,NOT","[36, 41, 44]",3,38,"[2, 7, 8, 13, 14, 103, 113, 114]",8,116,0.3275862068965517,0.06896551724137931,0.2105263157894737,kfwqycmjabqnngcocrcxvlfbjjyedvuczvAmqyvrpuobuvyuvrbptyyubvycrocuubuaycyvvvpsceacmqArcqsruyctyzpvsywbkrczvvvvvvvfcxga
"run_1531,NAND","[37, 39, 46, 49]",4,38,"[2, 7, 8, 13, 14, 103, 113, 114]",8,116,0.3275862068965517,0.06896551724137931,0.2105263157894737,kfwqycmjabqnngcocrcxvlfbjjyedvuczvAmqyvrpuobuvyuvrbptyyubvycrocuubuaycyvvvpsceacmqArcqsruyctyzpvsywbkrczvvvvvvvfcxga
"run_1531,AND","[36, 37, 39, 41, 42, 46, 47, 49, 51, 52]",10,38,"[2, 7, 8, 13, 14, 103, 113, 114]",8,116,0.3275862068965517,0.06896551724137931,0.2105263157894737,kfwqycmjabqnngcocrcxvlfbjjyedvuczvAmqyvrpuobuvyuvrbptyyubvycrocuubuaycyvvvpsceacmqArcqsruyctyzpvsywbkrczvvvvvvvfcxga
"run_1531,ORNOT","[37, 39, 46, 47, 49, 53, 54, 60, 68, 69]",10,38,"[2, 7, 8, 13, 14, 103, 113, 114]",8,116,0.3275862068965517,0.06896551724137931,0.2105263157894737,kfwqycmjabqnngcocrcxvlfbjjyedvuczvAmqyvrpuobuvyuvrbptyyubvycrocuubuaycyvvvpsceacmqArcqsruyctyzpvsywbkrczvvvvvvvfcxga
"run_1531,OR","[47, 55, 58, 59, 60, 63, 64, 67, 70]",9,38,"[2, 7, 8, 13, 14, 103, 113, 114]",8,116,0.3275862068965517,0.06896551724137931,0.2105263157894737,kfwqycmjabqnngcocrcxvlfbjjyedvuczvAmqyvrpuobuvyuvrbptyyubvycrocuubuaycyvvvpsceacmqArcqsruyctyzpvsywbkrczvvvvvvvfcxga
"run_1531,ANDNOT","[47, 58, 59, 60, 61, 62, 63, 64, 66, 67, 74, 76, 80, 83, 84, 86, 88, 89, 90, 91, 92]",21,38,"[2, 7, 8, 13, 14, 103, 113, 114]",8,116,0.3275862068965517,0.06896551724137931,0.2105263157894737,kfwqycmjabqnngcocrcxvlfbjjyedvuczvAmqyvrpuobuvyuvrbptyyubvycrocuubuaycyvvvpsceacmqArcqsruyctyzpvsywbkrczvvvvvvvfcxga
"run_1531,NOR","[47, 58, 59, 60, 61, 62, 63, 64, 66, 67, 74, 76, 80, 83, 84, 86, 87, 89, 90]",19,38,"[2, 7, 8, 13, 14, 103, 113, 114]",8,116,0.3275862068965517,0.06896551724137931,0.2105263157894737,kfwqycmjabqnngcocrcxvlfbjjyedvuczvAmqyvrpuobuvyuvrbptyyubvycrocuubuaycyvvvpsceacmqArcqsruyctyzpvsywbkrczvvvvvvvfcxga
"run_1531,XOR",[],0,38,"[2, 7, 8, 13, 14, 103, 113, 114]",8,116,0.3275862068965517,0.06896551724137931,0.2105263157894737,kfwqycmjabqnngcocrcxvlfbjjyedvuczvAmqyvrpuobuvyuvrbptyyubvycrocuubuaycyvvvpsceacmqArcqsruyctyzpvsywbkrczvvvvvvvfcxga
"run_1531,EQUALS",[],0,38,"[2, 7, 8, 13, 14, 103, 113, 114]",8,116,0.3275862068965517,0.06896551724137931,0.2105263157894737,kfwqycmjabqnngcocrcxvlfbjjyedvuczvAmqyvrpuobuvyuvrbptyyubvycrocuubuaycyvvvpsceacmqArcqsruyctyzpvsywbkrczvvvvvvvfcxga
"run_1535,NOT","[47, 48]",2,29,"[1, 3, 4, 7, 8, 29, 40, 52, 89, 94, 99]",11,100,0.29,0.11,0.37931034482758624,lwajarcgclecdlnrkpbxAaabdbyucyukafmsandcjobyaouycAagbtcytycyuypclnbskbctzctcmbpytqxyxianazvvvvxvvvvg
"run_1535,NAND","[57, 58, 59, 60, 61]",5,29,"[1, 3, 4, 7, 8, 29, 40, 52, 89, 94, 99]",11,100,0.29,0.11,0.37931034482758624,lwajarcgclecdlnrkpbxAaabdbyucyukafmsandcjobyaouycAagbtcytycyuypclnbskbctzctcmbpytqxyxianazvvvvxvvvvg
"run_1535,AND","[14, 15, 26, 27, 28, 30, 32, 36, 37, 43, 44, 46, 47, 48, 53, 54, 55, 56, 59]",19,29,"[1, 3, 4, 7, 8, 29, 40, 52, 89, 94, 99]",11,100,0.29,0.11,0.37931034482758624,lwajarcgclecdlnrkpbxAaabdbyucyukafmsandcjobyaouycAagbtcytycyuypclnbskbctzctcmbpytqxyxianazvvvvxvvvvg
"run_1535,ORNOT","[14, 15, 26, 27, 28, 32, 34, 36, 37, 41, 45, 78, 79]",13,29,"[1, 3, 4, 7, 8, 29, 40, 52, 89, 94, 99]",11,100,0.29,0.11,0.37931034482758624,lwajarcgclecdlnrkpbxAaabdbyucyukafmsandcjobyaouycAagbtcytycyuypclnbskbctzctcmbpytqxyxianazvvvvxvvvvg
"run_1535,OR","[14, 15, 26, 27, 28, 30, 32, 36, 37, 44, 46, 54, 55]",13,29,"[1, 3, 4, 7, 8, 29, 40, 52, 89, 94, 99]",11,100,0.29,0.11,0.37931034482758624,lwajarcgclecdlnrkpbxAaabdbyucyukafmsandcjobyaouycAagbtcytycyuypclnbskbctzctcmbpytqxyxianazvvvvxvvvvg
"run_1535,ANDNOT","[14, 15, 26, 27, 28, 30, 32, 36, 37, 43, 44, 46, 47, 48, 53, 57, 58]",17,29,"[1, 3, 4, 7, 8, 29, 40, 52, 89, 94, 99]",11,100,0.29,0.11,0.37931034482758624,lwajarcgclecdlnrkpbxAaabdbyucyukafmsandcjobyaouycAagbtcytycyuypclnbskbctzctcmbpytqxyxianazvvvvxvvvvg
"run_1535,NOR","[14, 15, 26, 27, 28, 32, 34, 35, 36, 43]",10,29,"[1, 3, 4, 7, 8, 29, 40, 52, 89, 94, 99]",11,100,0.29,0.11,0.37931034482758624,lwajarcgclecdlnrkpbxAaabdbyucyukafmsandcjobyaouycAagbtcytycyuypclnbskbctzctcmbpytqxyxianazvvvvxvvvvg
"run_1535,XOR",[],0,29,"[1, 3, 4, 7, 8, 29, 40, 52, 89, 94, 99]",11,100,0.29,0.11,0.37931034482758624,lwajarcgclecdlnrkpbxAaabdbyucyukafmsandcjobyaouycAagbtcytycyuypclnbskbctzctcmbpytqxyxianazvvvvxvvvvg
"run_1535,EQUALS",[],0,29,"[1, 3, 4, 7, 8, 29, 40, 52, 89, 94, 99]",11,100,0.29,0.11,0.37931034482758624,lwajarcgclecdlnrkpbxAaabdbyucyukafmsandcjobyaouycAagbtcytycyuypclnbskbctzctcmbpytqxyxianazvvvvxvvvvg
"run_1541,NOT","[41, 42, 43, 44, 49, 58, 70]",7,33,"[0, 2, 3, 4, 5, 8, 14, 36, 47, 54, 59, 63, 64, 71, 85, 87, 98, 107, 108, 109, 110, 111]",22,112,0.29464285714285715,0.19642857142857142,0.6666666666666666,wnjagcrtvtinnxvpfyAtbxnaowtfamtecbkavdkycmcppoavbtycdwvjbqrvubuvvybusycvambyucjAudaocvyvpucytycAyqzvvvvvfcaxvgab
"run_1541,NAND","[69, 75, 77, 83, 84, 88, 91]",7,33,"[0, 2, 3, 4, 5, 8, 14, 36, 47, 54, 59, 63, 64, 71, 85, 87, 98, 107, 108, 109, 110, 111]",22,112,0.29464285714285715,0.19642857142857142,0.6666666666666666,wnjagcrtvtinnxvpfyAtbxnaowtfamtecbkavdkycmcppoavbtycdwvjbqrvubuvvybusycvambyucjAudaocvyvpucytycAyqzvvvvvfcaxvgab
"run_1541,AND","[69, 70, 75, 76, 77, 83, 84, 88, 89, 93, 94]",11,33,"[0, 2, 3, 4, 5, 8, 14, 36, 47, 54, 59, 63, 64, 71, 85, 87, 98, 107, 108, 109, 110, 111]",22,112,0.29464285714285715,0.19642857142857142,0.6666666666666666,wnjagcrtvtinnxvpfyAtbxnaowtfamtecbkavdkycmcppoavbtycdwvjbqrvubuvvybusycvambyucjAudaocvyvpucytycAyqzvvvvvfcaxvgab
"run_1541,ORNOT","[69, 75, 76, 80, 86]",5,33,"[0, 2, 3, 4, 5, 8, 14, 36, 47, 54, 59, 63, 64, 71, 85, 87, 98, 107, 108, 109, 110, 111]",22,112,0.29464285714285715,0.19642857142857142,0.6666666666666666,wnjagcrtvtinnxvpfyAtbxnaowtfamtecbkavdkycmcppoavbtycdwvjbqrvubuvvybusycvambyucjAudaocvyvpucytycAyqzvvvvvfcaxvgab
"run_1541,OR","[39, 40, 43, 44, 49, 50, 51, 58, 60, 62, 65]",11,33,"[0, 2, 3, 4, 5, 8, 14, 36, 47, 54, 59, 63, 64, 71, 85, 87, 98, 107, 108, 109, 110, 111]",22,112,0.29464285714285715,0.19642857142857142,0.6666666666666666,wnjagcrtvtinnxvpfyAtbxnaowtfamtecbkavdkycmcppoavbtycdwvjbqrvubuvvybusycvambyucjAudaocvyvpucytycAyqzvvvvvfcaxvgab
"run_1541,ANDNOT","[69, 75, 76, 77, 83, 84, 86, 88, 89, 90, 91, 92, 96]",13,33,"[0, 2, 3, 4, 5, 8, 14, 36, 47, 54, 59, 63, 64, 71, 85, 87, 98, 107, 108, 109, 110, 111]",22,112,0.29464285714285715,0.19642857142857142,0.6666666666666666,wnjagcrtvtinnxvpfyAtbxnaowtfamtecbkavdkycmcppoavbtycdwvjbqrvubuvvybusycvambyucjAudaocvyvpucytycAyqzvvvvvfcaxvgab
"run_1541,NOR","[39, 40, 43, 44, 49, 51, 58, 67, 68, 70, 73, 75]",12,33,"[0, 2, 3, 4, 5, 8, 14, 36, 47, 54, 59, 63, 64, 71, 85, 87, 98, 107, 108, 109, 110, 111]",22,112,0.29464285714285715,0.19642857142857142,0.6666666666666666,wnjagcrtvtinnxvpfyAtbxnaowtfamtecbkavdkycmcppoavbtycdwvjbqrvubuvvybusycvambyucjAudaocvyvpucytycAyqzvvvvvfcaxvgab
"run_1541,XOR",[],0,33,"[0, 2, 3, 4, 5, 8, 14, 36, 47, 54, 59, 63, 64, 71, 85, 87, 98, 107, 108, 109, 110, 111]",22,112,0.29464285714285715,0.19642857142857142,0.6666666666666666,wnjagcrtvtinnxvpfyAtbxnaowtfamtecbkavdkycmcppoavbtycdwvjbqrvubuvvybusycvambyucjAudaocvyvpucytycAyqzvvvvvfcaxvgab
"run_1541,EQUALS",[],0,33,"[0, 2, 3, 4, 5, 8, 14, 36, 47, 54, 59, 63, 64, 71, 85, 87, 98, 107, 108, 109, 110, 111]",22,112,0.29464285714285715,0.19642857142857142,0.6666666666666666,wnjagcrtvtinnxvpfyAtbxnaowtfamtecbkavdkycmcppoavbtycdwvjbqrvubuvvybusycvambyucjAudaocvyvpucytycAyqzvvvvvfcaxvgab
"run_1539,NOT",[20],1,39,"[1, 4, 5, 6, 7, 88, 95, 98]",8,100,0.39,0.08,0.20512820512820512,qwtbjagcbjapuvtvebyctyucmyaojsydadcubsajjcycovvtcycoxrcxuaqvjcexlavdtcytatncycoanuapmbsyzvvvvvvxvvga
"run_1539,NAND","[12, 18, 19, 21, 22, 23, 42, 43]",8,39,"[1, 4, 5, 6, 7, 88, 95, 98]",8,100,0.39,0.08,0.20512820512820512,qwtbjagcbjapuvtvebyctyucmyaojsydadcubsajjcycovvtcycoxrcxuaqvjcexlavdtcytatncycoanuapmbsyzvvvvvvxvvga
"run_1539,AND","[12, 18, 19, 21, 22, 23, 37, 38, 43, 48, 50, 53, 54, 57, 65, 68, 69, 74, 75, 76, 77]",21,39,"[1, 4, 5, 6, 7, 88, 95, 98]",8,100,0.39,0.08,0.20512820512820512,qwtbjagcbjapuvtvebyctyucmyaojsydadcubsajjcycovvtcycoxrcxuaqvjcexlavdtcytatncycoanuapmbsyzvvvvvvxvvga
"run_1539,ORNOT","[12, 18, 19, 21, 22, 23, 25, 35, 38, 48, 54, 57, 65, 69, 70]",15,39,"[1, 4, 5, 6, 7, 88, 95, 98]",8,100,0.39,0.08,0.20512820512820512,qwtbjagcbjapuvtvebyctyucmyaojsydadcubsajjcycovvtcycoxrcxuaqvjcexlavdtcytatncycoanuapmbsyzvvvvvvxvvga
"run_1539,OR","[12, 18, 19, 21, 22, 23, 25, 30, 37, 38, 42, 43, 48, 49, 50, 53, 54, 57, 65, 68, 69, 70, 71, 72, 76, 77, 78, 83, 84, 86, 87]",31,39,"[1, 4, 5, 6, 7, 88, 95, 98]",8,100,0.39,0.08,0.20512820512820512,qwtbjagcbjapuvtvebyctyucmyaojsydadcubsajjcycovvtcycoxrcxuaqvjcexlavdtcytatncycoanuapmbsyzvvvvvvxvvga
"run_1539,ANDNOT","[12, 18, 19, 21, 22, 24, 26, 29, 30]",9,39,"[1, 4, 5, 6, 7, 88, 95, 98]",8,100,0.39,0.08,0.20512820512820512,qwtbjagcbjapuvtvebyctyucmyaojsydadcubsajjcycovvtcycoxrcxuaqvjcexlavdtcytatncycoanuapmbsyzvvvvvvxvvga
"run_1539,NOR","[12, 18, 19, 21, 22, 23, 25, 35, 38, 42, 43, 47, 49, 50]",14,39,"[1, 4, 5, 6, 7, 88, 95, 98]",8,100,0.39,0.08,0.20512820512820512,qwtbjagcbjapuvtvebyctyucmyaojsydadcubsajjcycovvtcycoxrcxuaqvjcexlavdtcytatncycoanuapmbsyzvvvvvvxvvga
"run_1539,XOR",[],0,39,"[1, 4, 5, 6, 7, 88, 95, 98]",8,100,0.39,0.08,0.20512820512820512,qwtbjagcbjapuvtvebyctyucmyaojsydadcubsajjcycovvtcycoxrcxuaqvjcexlavdtcytatncycoanuapmbsyzvvvvvvxvvga
"run_1539,EQUALS",[],0,39,"[1, 4, 5, 6, 7, 88, 95, 98]",8,100,0.39,0.08,0.20512820512820512,qwtbjagcbjapuvtvebyctyucmyaojsydadcubsajjcycovvtcycoxrcxuaqvjcexlavdtcytatncycoanuapmbsyzvvvvvvxvvga
"run_1553,NOT","[14, 15, 16, 18, 19, 28, 29]",7,39,"[3, 5, 6, 8, 9, 101, 108, 113]",8,115,0.3391304347826087,0.06956521739130435,0.20512820512820515,kqmwyjaqgcvvlbyscwucsbmovvwtycvqpwvpvvtobvkctanycucuycnaycobvxyuctbocvpuyvpuavvwyctyjdyaolpvwraiuAAuazvvvvfcxvvvvga
"run_1553,NAND","[62, 63, 64, 80, 81]",5,39,"[3, 5, 6, 8, 9, 101, 108, 113]",8,115,0.3391304347826087,0.06956521739130435,0.20512820512820515,kqmwyjaqgcvvlbyscwucsbmovvwtycvqpwvpvvtobvkctanycucuycnaycobvxyuctbocvpuyvpuavvwyctyjdyaolpvwraiuAAuazvvvvfcxvvvvga
"run_1553,AND","[62, 63, 64, 67, 68, 71, 72]",7,39,"[3, 5, 6, 8, 9, 101, 108, 113]",8,115,0.3391304347826087,0.06956521739130435,0.20512820512820515,kqmwyjaqgcvvlbyscwucsbmovvwtycvqpwvpvvtobvkctanycucuycnaycobvxyuctbocvpuyvpuavvwyctyjdyaolpvwraiuAAuazvvvvfcxvvvvga
"run_1553,ORNOT","[43, 45, 46, 47, 48, 50]",6,39,"[3, 5, 6, 8, 9, 101, 108, 113]",8,115,0.3391304347826087,0.06956521739130435,0.20512820512820515,kqmwyjaqgcvvlbyscwucsbmovvwtycvqpwvpvvtobvkctanycucuycnaycobvxyuctbocvpuyvpuavvwyctyjdyaolpvwraiuAAuazvvvvfcxvvvvga
"run_1553,OR","[28, 29, 38, 43, 45, 47, 48, 49, 50, 51, 55, 62]",12,39,"[3, 5, 6, 8, 9, 101, 108, 113]",8,115,0.3391304347826087,0.06956521739130435,0.20512820512820515,kqmwyjaqgcvvlbyscwucsbmovvwtycvqpwvpvvtobvkctanycucuycnaycobvxyuctbocvpuyvpuavvwyctyjdyaolpvwraiuAAuazvvvvfcxvvvvga
"run_1553,ANDNOT","[28, 29, 38, 43, 45, 47, 48, 49, 50, 51, 52, 53, 55, 56, 57, 58, 62, 67, 70, 72, 74, 76, 80, 81, 82, 83]",26,39,"[3, 5, 6, 8, 9, 101, 108, 113]",8,115,0.3391304347826087,0.06956521739130435,0.20512820512820515,kqmwyjaqgcvvlbyscwucsbmovvwtycvqpwvpvvtobvkctanycucuycnaycobvxyuctbocvpuyvpuavvwyctyjdyaolpvwraiuAAuazvvvvfcxvvvvga
"run_1553,NOR",[49],1,39,"[3, 5, 6, 8, 9, 101, 108, 113]",8,115,0.3391304347826087,0.06956521739130435,0.20512820512820515,kqmwyjaqgcvvlbyscwucsbmovvwtycvqpwvpvvtobvkctanycucuycnaycobvxyuctbocvpuyvpuavvwyctyjdyaolpvwraiuAAuazvvvvfcxvvvvga
"run_1553,XOR",[],0,39,"[3, 5, 6, 8, 9, 101, 108, 113]",8,115,0.3391304347826087,0.06956521739130435,0.20512820512820515,kqmwyjaqgcvvlbyscwucsbmovvwtycvqpwvpvvtobvkctanycucuycnaycobvxyuctbocvpuyvpuavvwyctyjdyaolpvwraiuAAuazvvvvfcxvvvvga
"run_1553,EQUALS","[28, 29, 38, 43, 45, 47, 48, 49, 50, 51, 52, 53, 56, 57, 58, 62, 63, 64, 70, 74, 75, 76, 86, 87]",24,39,"[3, 5, 6, 8, 9, 101, 108, 113]",8,115,0.3391304347826087,0.06956521739130435,0.20512820512820515,kqmwyjaqgcvvlbyscwucsbmovvwtycvqpwvpvvtobvkctanycucuycnaycobvxyuctbocvpuyvpuavvwyctyjdyaolpvwraiuAAuazvvvvfcxvvvvga
"run_1557,NOT","[13, 14, 32, 33, 35, 36, 47]",7,41,"[0, 1, 2, 17, 18, 88, 93, 94, 95, 96, 97, 98, 99]",13,100,0.41,0.13,0.3170731707317073,wjaultbipbwyqycubgcsbwcwbpaebmypmcptckpkssarAwayubucycbvxobxvtaytbucrycoaayuypscypubymsyzvvfcxvvvvga
"run_1557,NAND","[69, 70, 74, 75, 76]",5,41,"[0, 1, 2, 17, 18, 88, 93, 94, 95, 96, 97, 98, 99]",13,100,0.41,0.13,0.3170731707317073,wjaultbipbwyqycubgcsbwcwbpaebmypmcptckpkssarAwayubucycbvxobxvtaytbucrycoaayuypscypubymsyzvvfcxvvvvga
"run_1557,AND","[13, 14, 32, 33, 35, 36, 40, 42, 47, 48, 51, 52, 53, 61, 62, 63, 69, 70, 71, 72, 74, 76, 77, 78, 79, 80, 84, 85, 86, 87]",30,41,"[0, 1, 2, 17, 18, 88, 93, 94, 95, 96, 97, 98, 99]",13,100,0.41,0.13,0.3170731707317073,wjaultbipbwyqycubgcsbwcwbpaebmypmcptckpkssarAwayubucycbvxobxvtaytbucrycoaayuypscypubymsyzvvfcxvvvvga
"run_1557,ORNOT","[13, 14, 32, 33, 40, 42, 47, 51, 62, 63]",10,41,"[0, 1, 2, 17, 18, 88, 93, 94, 95, 96, 97, 98, 99]",13,100,0.41,0.13,0.3170731707317073,wjaultbipbwyqycubgcsbwcwbpaebmypmcptckpkssarAwayubucycbvxobxvtaytbucrycoaayuypscypubymsyzvvfcxvvvvga
"run_1557,OR","[13, 35, 36, 40, 42, 47, 48, 50, 52, 53]",10,41,"[0, 1, 2, 17, 18, 88, 93, 94, 95, 96, 97, 98, 99]",13,100,0.41,0.13,0.3170731707317073,wjaultbipbwyqycubgcsbwcwbpaebmypmcptckpkssarAwayubucycbvxobxvtaytbucrycoaayuypscypubymsyzvvfcxvvvvga
"run_1557,ANDNOT","[11, 13, 14, 15, 19, 26, 29, 30]",8,41,"[0, 1, 2, 17, 18, 88, 93, 94, 95, 96, 97, 98, 99]",13,100,0.41,0.13,0.3170731707317073,wjaultbipbwyqycubgcsbwcwbpaebmypmcptckpkssarAwayubucycbvxobxvtaytbucrycoaayuypscypubymsyzvvfcxvvvvga
"run_1557,NOR","[13, 14, 30, 32, 33, 35, 36, 40, 42, 47, 48, 51, 52, 53, 61, 71, 72, 77, 79, 80]",20,41,"[0, 1, 2, 17, 18, 88, 93, 94, 95, 96, 97, 98, 99]",13,100,0.41,0.13,0.3170731707317073,wjaultbipbwyqycubgcsbwcwbpaebmypmcptckpkssarAwayubucycbvxobxvtaytbucrycoaayuypscypubymsyzvvfcxvvvvga
"run_1557,XOR","[13, 14, 30, 32, 33, 35, 36, 40, 42, 47, 48, 51, 52, 53, 57, 61, 62, 63, 69, 70, 71, 72, 77, 78, 79, 81, 82, 84]",28,41,"[0, 1, 2, 17, 18, 88, 93, 94, 95, 96, 97, 98, 99]",13,100,0.41,0.13,0.3170731707317073,wjaultbipbwyqycubgcsbwcwbpaebmypmcptckpkssarAwayubucycbvxobxvtaytbucrycoaayuypscypubymsyzvvfcxvvvvga
"run_1557,EQUALS",[],0,41,"[0, 1, 2, 17, 18, 88, 93, 94, 95, 96, 97, 98, 99]",13,100,0.41,0.13,0.3170731707317073,wjaultbipbwyqycubgcsbwcwbpaebmypmcptckpkssarAwayubucycbvxobxvtaytbucrycoaayuypscypubymsyzvvfcxvvvvga
"run_1536,NOT","[27, 30]",2,37,"[3, 6, 7, 14, 15, 97, 99]",7,100,0.37,0.07,0.1891891891891892,inbwycjaxdpawogcpblulprcxjauyctyyoucuyctcydaycycurbmcsclafbvotybssaryycobcusvbratbyncrjzvvvvvvvvvxvg
"run_1536,NAND","[28, 29, 35, 37, 38]",5,37,"[3, 6, 7, 14, 15, 97, 99]",7,100,0.37,0.07,0.1891891891891892,inbwycjaxdpawogcpblulprcxjauyctyyoucuyctcydaycycurbmcsclafbvotybssaryycobcusvbratbyncrjzvvvvvvvvvxvg
"run_1536,AND","[48, 49, 51, 52, 53, 54, 56, 61, 62]",9,37,"[3, 6, 7, 14, 15, 97, 99]",7,100,0.37,0.07,0.1891891891891892,inbwycjaxdpawogcpblulprcxjauyctyyoucuyctcydaycycurbmcsclafbvotybssaryycobcusvbratbyncrjzvvvvvvvvvxvg
"run_1536,ORNOT","[28, 29, 34, 36, 40, 41]",6,37,"[3, 6, 7, 14, 15, 97, 99]",7,100,0.37,0.07,0.1891891891891892,inbwycjaxdpawogcpblulprcxjauyctyyoucuyctcydaycycurbmcsclafbvotybssaryycobcusvbratbyncrjzvvvvvvvvvxvg
"run_1536,OR","[44, 45, 46, 47, 48, 51, 53, 54, 62, 64, 66, 69, 70]",13,37,"[3, 6, 7, 14, 15, 97, 99]",7,100,0.37,0.07,0.1891891891891892,inbwycjaxdpawogcpblulprcxjauyctyyoucuyctcydaycycurbmcsclafbvotybssaryycobcusvbratbyncrjzvvvvvvvvvxvg
"run_1536,ANDNOT","[48, 51, 68]",3,37,"[3, 6, 7, 14, 15, 97, 99]",7,100,0.37,0.07,0.1891891891891892,inbwycjaxdpawogcpblulprcxjauyctyyoucuyctcydaycycurbmcsclafbvotybssaryycobcusvbratbyncrjzvvvvvvvvvxvg
"run_1536,NOR","[28, 29, 31, 32, 34, 35, 36, 37, 38, 39]",10,37,"[3, 6, 7, 14, 15, 97, 99]",7,100,0.37,0.07,0.1891891891891892,inbwycjaxdpawogcpblulprcxjauyctyyoucuyctcydaycycurbmcsclafbvotybssaryycobcusvbratbyncrjzvvvvvvvvvxvg
"run_1536,XOR","[44, 45, 46, 47, 48, 51, 53, 54, 62, 64, 65, 66, 68, 69, 70, 78, 79, 80, 82]",19,37,"[3, 6, 7, 14, 15, 97, 99]",7,100,0.37,0.07,0.1891891891891892,inbwycjaxdpawogcpblulprcxjauyctyyoucuyctcydaycycurbmcsclafbvotybssaryycobcusvbratbyncrjzvvvvvvvvvxvg
"run_1536,EQUALS",[],0,37,"[3, 6, 7, 14, 15, 97, 99]",7,100,0.37,0.07,0.1891891891891892,inbwycjaxdpawogcpblulprcxjauyctyyoucuyctcydaycycurbmcsclafbvotybssaryycobcusvbratbyncrjzvvvvvvvvvxvg
"run_1542,NOT","[28, 30, 31, 33, 34, 35, 36]",7,28,"[0, 1, 2, 4, 5, 90, 94, 99]",8,100,0.28,0.08,0.2857142857142857,wjapgcplazbfuczsbtdcwsazsypzyftcxucycucavoadvsdabfscAodnvotcoaxyavmdmyycucvdaukadcybyczjvqzvvvxvvvvg
"run_1542,NAND","[69, 73, 84, 85]",4,28,"[0, 1, 2, 4, 5, 90, 94, 99]",8,100,0.28,0.08,0.2857142857142857,wjapgcplazbfuczsbtdcwsazsypzyftcxucycucavoadvsdabfscAodnvotcoaxyavmdmyycucvdaukadcybyczjvqzvvvxvvvvg
"run_1542,AND","[28, 34, 35, 37, 38, 50, 51, 55, 58, 59, 70, 71]",12,28,"[0, 1, 2, 4, 5, 90, 94, 99]",8,100,0.28,0.08,0.2857142857142857,wjapgcplazbfuczsbtdcwsazsypzyftcxucycucavoadvsdabfscAodnvotcoaxyavmdmyycucvdaukadcybyczjvqzvvvxvvvvg
"run_1542,ORNOT","[72, 77, 79, 82]",4,28,"[0, 1, 2, 4, 5, 90, 94, 99]",8,100,0.28,0.08,0.2857142857142857,wjapgcplazbfuczsbtdcwsazsypzyftcxucycucavoadvsdabfscAodnvotcoaxyavmdmyycucvdaukadcybyczjvqzvvvxvvvvg
"run_1542,OR",[],0,28,"[0, 1, 2, 4, 5, 90, 94, 99]",8,100,0.28,0.08,0.2857142857142857,wjapgcplazbfuczsbtdcwsazsypzyftcxucycucavoadvsdabfscAodnvotcoaxyavmdmyycucvdaukadcybyczjvqzvvvxvvvvg
"run_1542,ANDNOT","[28, 35, 37, 45, 51, 55, 59, 64, 66, 68, 69]",11,28,"[0, 1, 2, 4, 5, 90, 94, 99]",8,100,0.28,0.08,0.2857142857142857,wjapgcplazbfuczsbtdcwsazsypzyftcxucycucavoadvsdabfscAodnvotcoaxyavmdmyycucvdaukadcybyczjvqzvvvxvvvvg
"run_1542,NOR",[34],1,28,"[0, 1, 2, 4, 5, 90, 94, 99]",8,100,0.28,0.08,0.2857142857142857,wjapgcplazbfuczsbtdcwsazsypzyftcxucycucavoadvsdabfscAodnvotcoaxyavmdmyycucvdaukadcybyczjvqzvvvxvvvvg
"run_1542,XOR",[],0,28,"[0, 1, 2, 4, 5, 90, 94, 99]",8,100,0.28,0.08,0.2857142857142857,wjapgcplazbfuczsbtdcwsazsypzyftcxucycucavoadvsdabfscAodnvotcoaxyavmdmyycucvdaukadcybyczjvqzvvvxvvvvg
"run_1542,EQUALS",[],0,28,"[0, 1, 2, 4, 5, 90, 94, 99]",8,100,0.28,0.08,0.2857142857142857,wjapgcplazbfuczsbtdcwsazsypzyftcxucycucavoadvsdabfscAodnvotcoaxyavmdmyycucvdaukadcybyczjvqzvvvxvvvvg
"run_1558,NOT","[21, 22, 25, 27]",4,37,"[0, 2, 3, 6, 7, 30, 101, 102, 103, 104, 108, 109, 110, 111, 112, 113, 114]",17,115,0.3217391304347826,0.14782608695652175,0.45945945945945954,wyjabogcuputbucubsdtbzuycuuavvyvjdrbuducecncmcmacoecorkayyclvvmmcjvpsccocrctvvscuyrcsycdcyvdcvtkbdwibzvvvfcaxvvvgab
"run_1558,NAND","[23, 24, 39, 43, 45, 47, 57, 58]",8,37,"[0, 2, 3, 6, 7, 30, 101, 102, 103, 104, 108, 109, 110, 111, 112, 113, 114]",17,115,0.3217391304347826,0.14782608695652175,0.45945945945945954,wyjabogcuputbucubsdtbzuycuuavvyvjdrbuducecncmcmacoecorkayyclvvmmcjvpsccocrctvvscuyrcsycdcyvdcvtkbdwibzvvvfcaxvvvgab
"run_1558,AND","[21, 22, 23, 24, 25, 26, 27, 36, 39, 43, 45, 46, 47, 67, 69, 73, 74, 78, 79, 80, 81]",21,37,"[0, 2, 3, 6, 7, 30, 101, 102, 103, 104, 108, 109, 110, 111, 112, 113, 114]",17,115,0.3217391304347826,0.14782608695652175,0.45945945945945954,wyjabogcuputbucubsdtbzuycuuavvyvjdrbuducecncmcmacoecorkayyclvvmmcjvpsccocrctvvscuyrcsycdcyvdcvtkbdwibzvvvfcaxvvvgab
"run_1558,ORNOT","[23, 24, 36, 38, 42, 43, 44, 45, 55, 56]",10,37,"[0, 2, 3, 6, 7, 30, 101, 102, 103, 104, 108, 109, 110, 111, 112, 113, 114]",17,115,0.3217391304347826,0.14782608695652175,0.45945945945945954,wyjabogcuputbucubsdtbzuycuuavvyvjdrbuducecncmcmacoecorkayyclvvmmcjvpsccocrctvvscuyrcsycdcyvdcvtkbdwibzvvvfcaxvvvgab
"run_1558,OR","[23, 24, 36, 39, 43, 45, 47, 56, 57, 58, 63, 64, 67, 68, 69, 73, 74, 81, 82, 83, 84, 89]",22,37,"[0, 2, 3, 6, 7, 30, 101, 102, 103, 104, 108, 109, 110, 111, 112, 113, 114]",17,115,0.3217391304347826,0.14782608695652175,0.45945945945945954,wyjabogcuputbucubsdtbzuycuuavvyvjdrbuducecncmcmacoecorkayyclvvmmcjvpsccocrctvvscuyrcsycdcyvdcvtkbdwibzvvvfcaxvvvgab
"run_1558,ANDNOT","[23, 24, 36, 43, 45, 47, 56, 57, 58, 63, 64, 67, 68, 69, 73, 74, 82, 83, 85, 86]",20,37,"[0, 2, 3, 6, 7, 30, 101, 102, 103, 104, 108, 109, 110, 111, 112, 113, 114]",17,115,0.3217391304347826,0.14782608695652175,0.45945945945945954,wyjabogcuputbucubsdtbzuycuuavvyvjdrbuducecncmcmacoecorkayyclvvmmcjvpsccocrctvvscuyrcsycdcyvdcvtkbdwibzvvvfcaxvvvgab
"run_1558,NOR",[],0,37,"[0, 2, 3, 6, 7, 30, 101, 102, 103, 104, 108, 109, 110, 111, 112, 113, 114]",17,115,0.3217391304347826,0.14782608695652175,0.45945945945945954,wyjabogcuputbucubsdtbzuycuuavvyvjdrbuducecncmcmacoecorkayyclvvmmcjvpsccocrctvvscuyrcsycdcyvdcvtkbdwibzvvvfcaxvvvgab
"run_1558,XOR",[],0,37,"[0, 2, 3, 6, 7, 30, 101, 102, 103, 104, 108, 109, 110, 111, 112, 113, 114]",17,115,0.3217391304347826,0.14782608695652175,0.45945945945945954,wyjabogcuputbucubsdtbzuycuuavvyvjdrbuducecncmcmacoecorkayyclvvmmcjvpsccocrctvvscuyrcsycdcyvdcvtkbdwibzvvvfcaxvvvgab
"run_1558,EQUALS",[],0,37,"[0, 2, 3, 6, 7, 30, 101, 102, 103, 104, 108, 109, 110, 111, 112, 113, 114]",17,115,0.3217391304347826,0.14782608695652175,0.45945945945945954,wyjabogcuputbucubsdtbzuycuuavvyvjdrbuducecncmcmacoecorkayyclvvmmcjvpsccocrctvvscuyrcsycdcyvdcvtkbdwibzvvvfcaxvvvgab
"run_1537,NOT","[26, 43, 48, 52, 53]",5,40,"[0, 2, 3, 4, 5, 25, 70, 99]",8,100,0.4,0.08,0.19999999999999998,wzjagcqzwaurcrvfvvpjtbumbznvvycuaycvvebvuvrcvucsavvmayvpubvvtvyvycvucvxocpufgAbkapayycrumbvsaeyasaqg
"run_1537,NAND","[65, 67, 68]",3,40,"[0, 2, 3, 4, 5, 25, 70, 99]",8,100,0.4,0.08,0.19999999999999998,wzjagcqzwaurcrvfvvpjtbumbznvvycuaycvvebvuvrcvucsavvmayvpubvvtvyvycvucvxocpufgAbkapayycrumbvsaeyasaqg
"run_1537,AND","[62, 65, 67, 68, 71, 72, 73, 74, 75, 80, 82]",11,40,"[0, 2, 3, 4, 5, 25, 70, 99]",8,100,0.4,0.08,0.19999999999999998,wzjagcqzwaurcrvfvvpjtbumbznvvycuaycvvebvuvrcvucsavvmayvpubvvtvyvycvucvxocpufgAbkapayycrumbvsaeyasaqg
"run_1537,ORNOT","[26, 30, 34, 40, 43, 48, 52, 53, 75, 83, 84, 85, 87, 88, 92, 95, 97]",17,40,"[0, 2, 3, 4, 5, 25, 70, 99]",8,100,0.4,0.08,0.19999999999999998,wzjagcqzwaurcrvfvvpjtbumbznvvycuaycvvebvuvrcvucsavvmayvpubvvtvyvycvucvxocpufgAbkapayycrumbvsaeyasaqg
"run_1537,OR","[26, 29, 30, 31, 33, 34, 40, 42, 43, 45, 64, 65]",12,40,"[0, 2, 3, 4, 5, 25, 70, 99]",8,100,0.4,0.08,0.19999999999999998,wzjagcqzwaurcrvfvvpjtbumbznvvycuaycvvebvuvrcvucsavvmayvpubvvtvyvycvucvxocpufgAbkapayycrumbvsaeyasaqg
"run_1537,ANDNOT","[75, 83, 84, 85, 87, 88, 91, 92, 94, 95]",10,40,"[0, 2, 3, 4, 5, 25, 70, 99]",8,100,0.4,0.08,0.19999999999999998,wzjagcqzwaurcrvfvvpjtbumbznvvycuaycvvebvuvrcvucsavvmayvpubvvtvyvycvucvxocpufgAbkapayycrumbvsaeyasaqg
"run_1537,NOR","[26, 29, 30, 31, 33, 34, 40, 42, 43, 45, 46, 55, 56, 60, 62]",15,40,"[0, 2, 3, 4, 5, 25, 70, 99]",8,100,0.4,0.08,0.19999999999999998,wzjagcqzwaurcrvfvvpjtbumbznvvycuaycvvebvuvrcvucsavvmayvpubvvtvyvycvucvxocpufgAbkapayycrumbvsaeyasaqg
"run_1537,XOR","[26, 29, 30, 31, 32, 33, 34, 40, 42, 43, 45, 64, 65, 75, 83, 84, 85, 87, 88, 92, 94, 95, 97]",23,40,"[0, 2, 3, 4, 5, 25, 70, 99]",8,100,0.4,0.08,0.19999999999999998,wzjagcqzwaurcrvfvvpjtbumbznvvycuaycvvebvuvrcvucsavvmayvpubvvtvyvycvucvxocpufgAbkapayycrumbvsaeyasaqg
"run_1537,EQUALS","[26, 29, 30, 31, 32, 33, 34, 40, 42, 43, 45, 46, 55, 56, 60, 62, 75, 83, 84, 85, 87, 88, 92, 94, 95, 97]",26,40,"[0, 2, 3, 4, 5, 25, 70, 99]",8,100,0.4,0.08,0.19999999999999998,wzjagcqzwaurcrvfvvpjtbumbznvvycuaycvvebvuvrcvucsavvmayvpubvvtvyvycvucvxocpufgAbkapayycrumbvsaeyasaqg
"run_1543,NOT","[2, 3, 5, 7, 8, 11, 12, 25, 26]",9,45,"[13, 16, 17, 20, 21, 87, 88, 89, 90, 93, 95, 99]",12,100,0.45,0.12,0.26666666666666666,tcucyrtibdatcwkyjausgcmybycvyyuavwAubmsyywzybijdscswfbzrctcncobycnvtycuckauycyvvovuydlzvvvvfcxvgaqsa
"run_1543,NAND","[75, 76, 77, 82, 83]",5,45,"[13, 16, 17, 20, 21, 87, 88, 89, 90, 93, 95, 99]",12,100,0.45,0.12,0.26666666666666666,tcucyrtibdatcwkyjausgcmybycvyyuavwAubmsyywzybijdscswfbzrctcncobycnvtycuckauycyvvovuydlzvvvvfcxvgaqsa
"run_1543,AND","[1, 25, 26, 27, 30, 32, 54, 55, 56, 57, 58, 59, 60]",13,45,"[13, 16, 17, 20, 21, 87, 88, 89, 90, 93, 95, 99]",12,100,0.45,0.12,0.26666666666666666,tcucyrtibdatcwkyjausgcmybycvyyuavwAubmsyywzybijdscswfbzrctcncobycnvtycuckauycyvvovuydlzvvvvfcxvgaqsa
"run_1543,ORNOT","[1, 27, 32, 54, 58, 60, 64, 67, 68, 71, 75, 76]",12,45,"[13, 16, 17, 20, 21, 87, 88, 89, 90, 93, 95, 99]",12,100,0.45,0.12,0.26666666666666666,tcucyrtibdatcwkyjausgcmybycvyyuavwAubmsyywzybijdscswfbzrctcncobycnvtycuckauycyvvovuydlzvvvvfcxvgaqsa
"run_1543,OR","[1, 27, 32, 54, 58, 60, 63, 64, 65, 67, 68, 69, 70, 71, 73, 74, 77]",17,45,"[13, 16, 17, 20, 21, 87, 88, 89, 90, 93, 95, 99]",12,100,0.45,0.12,0.26666666666666666,tcucyrtibdatcwkyjausgcmybycvyyuavwAubmsyywzybijdscswfbzrctcncobycnvtycuckauycyvvovuydlzvvvvfcxvgaqsa
"run_1543,ANDNOT","[31, 35, 37, 38]",4,45,"[13, 16, 17, 20, 21, 87, 88, 89, 90, 93, 95, 99]",12,100,0.45,0.12,0.26666666666666666,tcucyrtibdatcwkyjausgcmybycvyyuavwAubmsyywzybijdscswfbzrctcncobycnvtycuckauycyvvovuydlzvvvvfcxvgaqsa
"run_1543,NOR","[2, 3, 4, 5, 6, 7, 8, 11, 12, 15, 18, 19, 22]",13,45,"[13, 16, 17, 20, 21, 87, 88, 89, 90, 93, 95, 99]",12,100,0.45,0.12,0.26666666666666666,tcucyrtibdatcwkyjausgcmybycvyyuavwAubmsyywzybijdscswfbzrctcncobycnvtycuckauycyvvovuydlzvvvvfcxvgaqsa
"run_1543,XOR",[],0,45,"[13, 16, 17, 20, 21, 87, 88, 89, 90, 93, 95, 99]",12,100,0.45,0.12,0.26666666666666666,tcucyrtibdatcwkyjausgcmybycvyyuavwAubmsyywzybijdscswfbzrctcncobycnvtycuckauycyvvovuydlzvvvvfcxvgaqsa
"run_1543,EQUALS",[],0,45,"[13, 16, 17, 20, 21, 87, 88, 89, 90, 93, 95, 99]",12,100,0.45,0.12,0.26666666666666666,tcucyrtibdatcwkyjausgcmybycvyyuavwAubmsyywzybijdscswfbzrctcncobycnvtycuckauycyvvovuydlzvvvvfcxvgaqsa
"run_1547,NOT","[36, 40, 49, 50]",4,42,"[0, 7, 8, 9, 10, 63, 89, 96, 99]",9,100,0.42,0.09,0.21428571428571427,wzpcqbjjagclhawbsdazccqpzfyzcbmvkzaAzytcucyuuyuykycxvkcvrbuwvuliajmpcdclanavncubtcyycufyuivvvvvvxvvg
"run_1547,NAND","[82, 83, 84, 85, 87]",5,42,"[0, 7, 8, 9, 10, 63, 89, 96, 99]",9,100,0.42,0.09,0.21428571428571427,wzpcqbjjagclhawbsdazccqpzfyzcbmvkzaAzytcucyuuyuykycxvkcvrbuwvuliajmpcdclanavncubtcyycufyuivvvvvvxvvg
"run_1547,AND","[31, 52, 55, 60, 65, 67, 68, 72, 75, 76, 77, 78, 80, 83, 84, 87, 88]",17,42,"[0, 7, 8, 9, 10, 63, 89, 96, 99]",9,100,0.42,0.09,0.21428571428571427,wzpcqbjjagclhawbsdazccqpzfyzcbmvkzaAzytcucyuuyuykycxvkcvrbuwvuliajmpcdclanavncubtcyycufyuivvvvvvxvvg
"run_1547,ORNOT","[36, 37, 38, 39, 46, 47]",6,42,"[0, 7, 8, 9, 10, 63, 89, 96, 99]",9,100,0.42,0.09,0.21428571428571427,wzpcqbjjagclhawbsdazccqpzfyzcbmvkzaAzytcucyuuyuykycxvkcvrbuwvuliajmpcdclanavncubtcyycufyuivvvvvvxvvg
"run_1547,OR","[37, 38, 39, 40, 41, 42, 43, 44, 45]",9,42,"[0, 7, 8, 9, 10, 63, 89, 96, 99]",9,100,0.42,0.09,0.21428571428571427,wzpcqbjjagclhawbsdazccqpzfyzcbmvkzaAzytcucyuuyuykycxvkcvrbuwvuliajmpcdclanavncubtcyycufyuivvvvvvxvvg
"run_1547,ANDNOT","[47, 48, 49, 50, 53, 54, 58, 61, 62, 66, 67, 68, 72, 74, 76, 77, 78, 81, 82]",19,42,"[0, 7, 8, 9, 10, 63, 89, 96, 99]",9,100,0.42,0.09,0.21428571428571427,wzpcqbjjagclhawbsdazccqpzfyzcbmvkzaAzytcucyuuyuykycxvkcvrbuwvuliajmpcdclanavncubtcyycufyuivvvvvvxvvg
"run_1547,NOR",[47],1,42,"[0, 7, 8, 9, 10, 63, 89, 96, 99]",9,100,0.42,0.09,0.21428571428571427,wzpcqbjjagclhawbsdazccqpzfyzcbmvkzaAzytcucyuuyuykycxvkcvrbuwvuliajmpcdclanavncubtcyycufyuivvvvvvxvvg
"run_1547,XOR",[],0,42,"[0, 7, 8, 9, 10, 63, 89, 96, 99]",9,100,0.42,0.09,0.21428571428571427,wzpcqbjjagclhawbsdazccqpzfyzcbmvkzaAzytcucyuuyuykycxvkcvrbuwvuliajmpcdclanavncubtcyycufyuivvvvvvxvvg
"run_1547,EQUALS",[],0,42,"[0, 7, 8, 9, 10, 63, 89, 96, 99]",9,100,0.42,0.09,0.21428571428571427,wzpcqbjjagclhawbsdazccqpzfyzcbmvkzaAzytcucyuuyuykycxvkcvrbuwvuliajmpcdclanavncubtcyycufyuivvvvvvxvvg
"run_1559,NOT","[32, 37, 46]",3,39,"[0, 2, 3, 9, 10, 22, 24, 29, 31, 43, 53, 57, 64, 66, 96, 100, 106, 107, 108, 109, 110, 111, 112, 113]",24,114,0.34210526315789475,0.21052631578947367,0.6153846153846153,wrjaccdxAgcamdbAayakywvtvxaynvjvukcycuauycavucyaubyycvucmvmcdbsnvyvpuucmfnaubomcuctblaytbycebfprvkanzvvfcaxvvvvgab
"run_1559,NAND","[50, 51, 54, 55, 58, 59, 67, 68, 69, 70, 71, 74, 75, 78, 79, 81, 89, 90]",18,39,"[0, 2, 3, 9, 10, 22, 24, 29, 31, 43, 53, 57, 64, 66, 96, 100, 106, 107, 108, 109, 110, 111, 112, 113]",24,114,0.34210526315789475,0.21052631578947367,0.6153846153846153,wrjaccdxAgcamdbAayakywvtvxaynvjvukcycuauycavucyaubyycvucmvmcdbsnvyvpuucmfnaubomcuctblaytbycebfprvkanzvvfcaxvvvvgab
"run_1559,AND","[50, 51, 54, 55, 58, 59, 67, 68, 69, 71, 74, 75, 78, 79, 82, 85, 86]",17,39,"[0, 2, 3, 9, 10, 22, 24, 29, 31, 43, 53, 57, 64, 66, 96, 100, 106, 107, 108, 109, 110, 111, 112, 113]",24,114,0.34210526315789475,0.21052631578947367,0.6153846153846153,wrjaccdxAgcamdbAayakywvtvxaynvjvukcycuauycavucyaubyycvucmvmcdbsnvyvpuucmfnaubomcuctblaytbycebfprvkanzvvfcaxvvvvgab
"run_1559,ORNOT","[32, 35, 36, 38, 39, 40, 45, 51, 52]",9,39,"[0, 2, 3, 9, 10, 22, 24, 29, 31, 43, 53, 57, 64, 66, 96, 100, 106, 107, 108, 109, 110, 111, 112, 113]",24,114,0.34210526315789475,0.21052631578947367,0.6153846153846153,wrjaccdxAgcamdbAayakywvtvxaynvjvukcycuauycavucyaubyycvucmvmcdbsnvyvpuucmfnaubomcuctblaytbycebfprvkanzvvfcaxvvvvgab
"run_1559,OR","[32, 35, 36, 38, 39, 40, 41, 44, 45, 47, 48, 50]",12,39,"[0, 2, 3, 9, 10, 22, 24, 29, 31, 43, 53, 57, 64, 66, 96, 100, 106, 107, 108, 109, 110, 111, 112, 113]",24,114,0.34210526315789475,0.21052631578947367,0.6153846153846153,wrjaccdxAgcamdbAayakywvtvxaynvjvukcycuauycavucyaubyycvucmvmcdbsnvyvpuucmfnaubomcuctblaytbycebfprvkanzvvfcaxvvvvgab
"run_1559,ANDNOT","[51, 54, 56, 58, 62, 63, 65]",7,39,"[0, 2, 3, 9, 10, 22, 24, 29, 31, 43, 53, 57, 64, 66, 96, 100, 106, 107, 108, 109, 110, 111, 112, 113]",24,114,0.34210526315789475,0.21052631578947367,0.6153846153846153,wrjaccdxAgcamdbAayakywvtvxaynvjvukcycuauycavucyaubyycvucmvmcdbsnvyvpuucmfnaubomcuctblaytbycebfprvkanzvvfcaxvvvvgab
"run_1559,NOR",[],0,39,"[0, 2, 3, 9, 10, 22, 24, 29, 31, 43, 53, 57, 64, 66, 96, 100, 106, 107, 108, 109, 110, 111, 112, 113]",24,114,0.34210526315789475,0.21052631578947367,0.6153846153846153,wrjaccdxAgcamdbAayakywvtvxaynvjvukcycuauycavucyaubyycvucmvmcdbsnvyvpuucmfnaubomcuctblaytbycebfprvkanzvvfcaxvvvvgab
"run_1559,XOR",[],0,39,"[0, 2, 3, 9, 10, 22, 24, 29, 31, 43, 53, 57, 64, 66, 96, 100, 106, 107, 108, 109, 110, 111, 112, 113]",24,114,0.34210526315789475,0.21052631578947367,0.6153846153846153,wrjaccdxAgcamdbAayakywvtvxaynvjvukcycuauycavucyaubyycvucmvmcdbsnvyvpuucmfnaubomcuctblaytbycebfprvkanzvvfcaxvvvvgab
"run_1559,EQUALS",[],0,39,"[0, 2, 3, 9, 10, 22, 24, 29, 31, 43, 53, 57, 64, 66, 96, 100, 106, 107, 108, 109, 110, 111, 112, 113]",24,114,0.34210526315789475,0.21052631578947367,0.6153846153846153,wrjaccdxAgcamdbAayakywvtvxaynvjvukcycuauycavucyaubyycvucmvmcdbsnvyvpuucmfnaubomcuctblaytbycebfprvkanzvvfcaxvvvvgab
"run_1538,NOT","[19, 23, 24, 28, 31, 34, 35, 36, 39, 40]",10,37,"[1, 4, 5, 13, 14, 105, 112, 113, 114, 115, 116]",11,118,0.3135593220338983,0.09322033898305085,0.2972972972972973,lwqtjanhxqocAgczbptzlpancbewmdayqmauccwycquoyuscvdmcwvsauaoldvptjvbycvAjcucerfbvscmcAuqrycybvvubucvqyvycrzvvvvfcxvvvga
"run_1538,NAND",[],0,37,"[1, 4, 5, 13, 14, 105, 112, 113, 114, 115, 116]",11,118,0.3135593220338983,0.09322033898305085,0.2972972972972973,lwqtjanhxqocAgczbptzlpancbewmdayqmauccwycquoyuscvdmcwvsauaoldvptjvbycvAjcucerfbvscmcAuqrycybvvubucvqyvycrzvvvvfcxvvvga
"run_1538,AND","[44, 74]",2,37,"[1, 4, 5, 13, 14, 105, 112, 113, 114, 115, 116]",11,118,0.3135593220338983,0.09322033898305085,0.2972972972972973,lwqtjanhxqocAgczbptzlpancbewmdayqmauccwycquoyuscvdmcwvsauaoldvptjvbycvAjcucerfbvscmcAuqrycybvvubucvqyvycrzvvvvfcxvvvga
"run_1538,ORNOT","[89, 90, 94, 96, 102, 103]",6,37,"[1, 4, 5, 13, 14, 105, 112, 113, 114, 115, 116]",11,118,0.3135593220338983,0.09322033898305085,0.2972972972972973,lwqtjanhxqocAgczbptzlpancbewmdayqmauccwycquoyuscvdmcwvsauaoldvptjvbycvAjcucerfbvscmcAuqrycybvvubucvqyvycrzvvvvfcxvvvga
"run_1538,OR","[39, 40, 46, 47, 55, 57, 58, 62, 63, 67, 68, 73, 74, 80, 81, 82, 83, 85, 88, 89]",20,37,"[1, 4, 5, 13, 14, 105, 112, 113, 114, 115, 116]",11,118,0.3135593220338983,0.09322033898305085,0.2972972972972973,lwqtjanhxqocAgczbptzlpancbewmdayqmauccwycquoyuscvdmcwvsauaoldvptjvbycvAjcucerfbvscmcAuqrycybvvubucvqyvycrzvvvvfcxvvvga
"run_1538,ANDNOT","[40, 44, 45, 46, 47, 50, 51, 67, 68]",9,37,"[1, 4, 5, 13, 14, 105, 112, 113, 114, 115, 116]",11,118,0.3135593220338983,0.09322033898305085,0.2972972972972973,lwqtjanhxqocAgczbptzlpancbewmdayqmauccwycquoyuscvdmcwvsauaoldvptjvbycvAjcucerfbvscmcAuqrycybvvubucvqyvycrzvvvvfcxvvvga
"run_1538,NOR","[46, 47, 55, 57, 58, 62, 63, 67, 68, 73, 74, 80, 81, 82, 83, 90]",16,37,"[1, 4, 5, 13, 14, 105, 112, 113, 114, 115, 116]",11,118,0.3135593220338983,0.09322033898305085,0.2972972972972973,lwqtjanhxqocAgczbptzlpancbewmdayqmauccwycquoyuscvdmcwvsauaoldvptjvbycvAjcucerfbvscmcAuqrycybvvubucvqyvycrzvvvvfcxvvvga
"run_1538,XOR",[],0,37,"[1, 4, 5, 13, 14, 105, 112, 113, 114, 115, 116]",11,118,0.3135593220338983,0.09322033898305085,0.2972972972972973,lwqtjanhxqocAgczbptzlpancbewmdayqmauccwycquoyuscvdmcwvsauaoldvptjvbycvAjcucerfbvscmcAuqrycybvvubucvqyvycrzvvvvfcxvvvga
"run_1538,EQUALS",[],0,37,"[1, 4, 5, 13, 14, 105, 112, 113, 114, 115, 116]",11,118,0.3135593220338983,0.09322033898305085,0.2972972972972973,lwqtjanhxqocAgczbptzlpancbewmdayqmauccwycquoyuscvdmcwvsauaoldvptjvbycvAjcucerfbvscmcAuqrycybvvubucvqyvycrzvvvvfcxvvvga
"run_1532,NOT","[33, 39, 41, 46, 47]",5,38,"[0, 3, 4, 5, 6, 96, 102, 106, 107]",9,108,0.35185185185185186,0.08333333333333333,0.23684210526315788,wpzjagcpmuakamyAeoaxpznjrkzbyybdycuumsypnucjsfycemuoyuscmceycuckafybuAucvsbupyckatxcytytappvvkdbzvvvfcxvvvga
"run_1532,NAND","[46, 47, 53, 55, 57, 62, 64]",7,38,"[0, 3, 4, 5, 6, 96, 102, 106, 107]",9,108,0.35185185185185186,0.08333333333333333,0.23684210526315788,wpzjagcpmuakamyAeoaxpznjrkzbyybdycuumsypnucjsfycemuoyuscmceycuckafybuAucvsbupyckatxcytytappvvkdbzvvvfcxvvvga
"run_1532,AND","[32, 33, 34, 35, 36, 37, 38]",7,38,"[0, 3, 4, 5, 6, 96, 102, 106, 107]",9,108,0.35185185185185186,0.08333333333333333,0.23684210526315788,wpzjagcpmuakamyAeoaxpznjrkzbyybdycuumsypnucjsfycemuoyuscmceycuckafybuAucvsbupyckatxcytytappvvkdbzvvvfcxvvvga
"run_1532,ORNOT","[32, 33, 39, 40, 41, 42, 44, 49, 50, 52]",10,38,"[0, 3, 4, 5, 6, 96, 102, 106, 107]",9,108,0.35185185185185186,0.08333333333333333,0.23684210526315788,wpzjagcpmuakamyAeoaxpznjrkzbyybdycuumsypnucjsfycemuoyuscmceycuckafybuAucvsbupyckatxcytytappvvkdbzvvvfcxvvvga
"run_1532,OR","[46, 47, 52, 53, 55, 59, 60, 61, 62, 66, 68, 70, 71, 77, 78]",15,38,"[0, 3, 4, 5, 6, 96, 102, 106, 107]",9,108,0.35185185185185186,0.08333333333333333,0.23684210526315788,wpzjagcpmuakamyAeoaxpznjrkzbyybdycuumsypnucjsfycemuoyuscmceycuckafybuAucvsbupyckatxcytytappvvkdbzvvvfcxvvvga
"run_1532,ANDNOT","[46, 47, 53, 54, 55, 56, 57, 59, 60]",9,38,"[0, 3, 4, 5, 6, 96, 102, 106, 107]",9,108,0.35185185185185186,0.08333333333333333,0.23684210526315788,wpzjagcpmuakamyAeoaxpznjrkzbyybdycuumsypnucjsfycemuoyuscmceycuckafybuAucvsbupyckatxcytytappvvkdbzvvvfcxvvvga
"run_1532,NOR","[32, 33, 38, 39, 40, 41, 42, 44, 46, 47, 49, 50, 51, 52, 59, 66, 76, 77, 78, 80, 81, 84]",22,38,"[0, 3, 4, 5, 6, 96, 102, 106, 107]",9,108,0.35185185185185186,0.08333333333333333,0.23684210526315788,wpzjagcpmuakamyAeoaxpznjrkzbyybdycuumsypnucjsfycemuoyuscmceycuckafybuAucvsbupyckatxcytytappvvkdbzvvvfcxvvvga
"run_1532,XOR",[],0,38,"[0, 3, 4, 5, 6, 96, 102, 106, 107]",9,108,0.35185185185185186,0.08333333333333333,0.23684210526315788,wpzjagcpmuakamyAeoaxpznjrkzbyybdycuumsypnucjsfycemuoyuscmceycuckafybuAucvsbupyckatxcytytappvvkdbzvvvfcxvvvga
"run_1532,EQUALS",[],0,38,"[0, 3, 4, 5, 6, 96, 102, 106, 107]",9,108,0.35185185185185186,0.08333333333333333,0.23684210526315788,wpzjagcpmuakamyAeoaxpznjrkzbyybdycuumsypnucjsfycemuoyuscmceycuckafybuAucvsbupyckatxcytytappvvkdbzvvvfcxvvvga
"run_1544,NOT","[13, 14, 23, 24, 31, 32, 34, 35]",8,43,"[0, 1, 2, 3, 4, 10, 11, 16, 21, 27, 28, 48, 62, 90, 94, 100, 106, 107, 108, 109, 110, 111, 112, 113]",24,114,0.37719298245614036,0.21052631578947367,0.5581395348837209,wjagckactzvvycrbvndjkvlucmbvvytaucycdcdyjcxeouucvdayoctyycdpauvscjatcnncxrcuxptrccascqnyoyvtytvycuyazvvfcaxvvvvgab
"run_1544,NAND","[34, 35, 47, 51]",4,43,"[0, 1, 2, 3, 4, 10, 11, 16, 21, 27, 28, 48, 62, 90, 94, 100, 106, 107, 108, 109, 110, 111, 112, 113]",24,114,0.37719298245614036,0.21052631578947367,0.5581395348837209,wjagckactzvvycrbvndjkvlucmbvvytaucycdcdyjcxeouucvdayoctyycdpauvscjatcnncxrcuxptrccascqnyoyvtytvycuyazvvfcaxvvvvgab
"run_1544,AND","[12, 29, 34, 35, 44, 46, 47, 51, 52, 53, 55, 56, 57, 59, 60, 63, 64, 67, 68, 70, 71, 73, 74, 77, 78, 79, 80, 83, 84, 87, 89, 91, 92]",33,43,"[0, 1, 2, 3, 4, 10, 11, 16, 21, 27, 28, 48, 62, 90, 94, 100, 106, 107, 108, 109, 110, 111, 112, 113]",24,114,0.37719298245614036,0.21052631578947367,0.5581395348837209,wjagckactzvvycrbvndjkvlucmbvvytaucycdcdyjcxeouucvdayoctyycdpauvscjatcnncxrcuxptrccascqnyoyvtytvycuyazvvfcaxvvvvgab
"run_1544,ORNOT","[45, 46]",2,43,"[0, 1, 2, 3, 4, 10, 11, 16, 21, 27, 28, 48, 62, 90, 94, 100, 106, 107, 108, 109, 110, 111, 112, 113]",24,114,0.37719298245614036,0.21052631578947367,0.5581395348837209,wjagckactzvvycrbvndjkvlucmbvvytaucycdcdyjcxeouucvdayoctyycdpauvscjatcnncxrcuxptrccascqnyoyvtytvycuyazvvfcaxvvvvgab
"run_1544,OR","[12, 29, 44, 45, 46, 47, 52, 53, 59, 60, 73, 74, 77, 78, 80, 84, 86]",17,43,"[0, 1, 2, 3, 4, 10, 11, 16, 21, 27, 28, 48, 62, 90, 94, 100, 106, 107, 108, 109, 110, 111, 112, 113]",24,114,0.37719298245614036,0.21052631578947367,0.5581395348837209,wjagckactzvvycrbvndjkvlucmbvvytaucycdcdyjcxeouucvdayoctyycdpauvscjatcnncxrcuxptrccascqnyoyvtytvycuyazvvfcaxvvvvgab
"run_1544,ANDNOT","[34, 35, 46, 47, 52, 53, 56, 57, 59, 60, 63, 64, 67, 68, 70, 71, 73, 74, 77, 78, 79, 80, 83, 84, 95, 96]",26,43,"[0, 1, 2, 3, 4, 10, 11, 16, 21, 27, 28, 48, 62, 90, 94, 100, 106, 107, 108, 109, 110, 111, 112, 113]",24,114,0.37719298245614036,0.21052631578947367,0.5581395348837209,wjagckactzvvycrbvndjkvlucmbvvytaucycdcdyjcxeouucvdayoctyycdpauvscjatcnncxrcuxptrccascqnyoyvtytvycuyazvvfcaxvvvvgab
"run_1544,NOR","[34, 35]",2,43,"[0, 1, 2, 3, 4, 10, 11, 16, 21, 27, 28, 48, 62, 90, 94, 100, 106, 107, 108, 109, 110, 111, 112, 113]",24,114,0.37719298245614036,0.21052631578947367,0.5581395348837209,wjagckactzvvycrbvndjkvlucmbvvytaucycdcdyjcxeouucvdayoctyycdpauvscjatcnncxrcuxptrccascqnyoyvtytvycuyazvvfcaxvvvvgab
"run_1544,XOR",[],0,43,"[0, 1, 2, 3, 4, 10, 11, 16, 21, 27, 28, 48, 62, 90, 94, 100, 106, 107, 108, 109, 110, 111, 112, 113]",24,114,0.37719298245614036,0.21052631578947367,0.5581395348837209,wjagckactzvvycrbvndjkvlucmbvvytaucycdcdyjcxeouucvdayoctyycdpauvscjatcnncxrcuxptrccascqnyoyvtytvycuyazvvfcaxvvvvgab
"run_1544,EQUALS",[57],1,43,"[0, 1, 2, 3, 4, 10, 11, 16, 21, 27, 28, 48, 62, 90, 94, 100, 106, 107, 108, 109, 110, 111, 112, 113]",24,114,0.37719298245614036,0.21052631578947367,0.5581395348837209,wjagckactzvvycrbvndjkvlucmbvvytaucycdcdyjcxeouucvdayoctyycdpauvscjatcnncxrcuxptrccascqnyoyvtytvycuyazvvfcaxvvvvgab
"run_1550,NOT","[65, 66, 76, 77]",4,30,"[0, 1, 2, 4, 5, 60, 92, 99]",8,100,0.3,0.08,0.26666666666666666,wjaigcsucqvwqtataktAaqvlcznhbutbzzvzkcvncdkcdbpatudwfjlpyfbuzucsmyucmsyuovuoycpybvvvvyepvfazxvvvvvvg
"run_1550,NAND","[61, 62, 65, 70, 71, 72, 75, 76, 77, 78, 79, 85, 87, 89, 90]",15,30,"[0, 1, 2, 4, 5, 60, 92, 99]",8,100,0.3,0.08,0.26666666666666666,wjaigcsucqvwqtataktAaqvlcznhbutbzzvzkcvncdkcdbpatudwfjlpyfbuzucsmyucmsyuovuoycpybvvvvyepvfazxvvvvvvg
"run_1550,AND","[61, 62, 65, 66, 67, 68, 69, 70, 76, 79, 85, 86, 89, 90]",14,30,"[0, 1, 2, 4, 5, 60, 92, 99]",8,100,0.3,0.08,0.26666666666666666,wjaigcsucqvwqtataktAaqvlcznhbutbzzvzkcvncdkcdbpatudwfjlpyfbuzucsmyucmsyuovuoycpybvvvvyepvfazxvvvvvvg
"run_1550,ORNOT","[61, 62, 66, 67, 76, 77, 79, 85, 86, 89, 90]",11,30,"[0, 1, 2, 4, 5, 60, 92, 99]",8,100,0.3,0.08,0.26666666666666666,wjaigcsucqvwqtataktAaqvlcznhbutbzzvzkcvncdkcdbpatudwfjlpyfbuzucsmyucmsyuovuoycpybvvvvyepvfazxvvvvvvg
"run_1550,OR","[66, 67, 70, 71, 74, 75]",6,30,"[0, 1, 2, 4, 5, 60, 92, 99]",8,100,0.3,0.08,0.26666666666666666,wjaigcsucqvwqtataktAaqvlcznhbutbzzvzkcvncdkcdbpatudwfjlpyfbuzucsmyucmsyuovuoycpybvvvvyepvfazxvvvvvvg
"run_1550,ANDNOT","[61, 65, 76, 77, 89, 90]",6,30,"[0, 1, 2, 4, 5, 60, 92, 99]",8,100,0.3,0.08,0.26666666666666666,wjaigcsucqvwqtataktAaqvlcznhbutbzzvzkcvncdkcdbpatudwfjlpyfbuzucsmyucmsyuovuoycpybvvvvyepvfazxvvvvvvg
"run_1550,NOR","[25, 61, 62, 63, 64, 65, 70, 71, 72, 75, 76, 77, 78, 79, 85, 87, 89, 90, 93, 94, 95, 96, 97, 98]",24,30,"[0, 1, 2, 4, 5, 60, 92, 99]",8,100,0.3,0.08,0.26666666666666666,wjaigcsucqvwqtataktAaqvlcznhbutbzzvzkcvncdkcdbpatudwfjlpyfbuzucsmyucmsyuovuoycpybvvvvyepvfazxvvvvvvg
"run_1550,XOR",[],0,30,"[0, 1, 2, 4, 5, 60, 92, 99]",8,100,0.3,0.08,0.26666666666666666,wjaigcsucqvwqtataktAaqvlcznhbutbzzvzkcvncdkcdbpatudwfjlpyfbuzucsmyucmsyuovuoycpybvvvvyepvfazxvvvvvvg
"run_1550,EQUALS",[],0,30,"[0, 1, 2, 4, 5, 60, 92, 99]",8,100,0.3,0.08,0.26666666666666666,wjaigcsucqvwqtataktAaqvlcznhbutbzzvzkcvncdkcdbpatudwfjlpyfbuzucsmyucmsyuovuoycpybvvvvyepvfazxvvvvvvg
"run_1548,NOT","[14, 19, 20, 21, 22, 49, 53, 61, 62, 65, 66]",11,32,"[0, 16, 34, 35, 54, 72, 92, 94, 101, 105, 106, 107]",12,108,0.2962962962962963,0.1111111111111111,0.375,wskApczbsbnxpycfjasscmcobkumbkysalgcubukmdtbaafesppanavAaeecAtcmaycjaubrvwbuyctcrycqyucmcqbsvyzvvvfcaxvvvgab
"run_1548,NAND","[12, 13, 14, 18, 20, 22, 23, 49, 51, 53, 64, 65, 66, 71, 76, 77]",16,32,"[0, 16, 34, 35, 54, 72, 92, 94, 101, 105, 106, 107]",12,108,0.2962962962962963,0.1111111111111111,0.375,wskApczbsbnxpycfjasscmcobkumbkysalgcubukmdtbaafesppanavAaeecAtcmaycjaubrvwbuyctcrycqyucmcqbsvyzvvvfcaxvvvgab
"run_1548,AND",[],0,32,"[0, 16, 34, 35, 54, 72, 92, 94, 101, 105, 106, 107]",12,108,0.2962962962962963,0.1111111111111111,0.375,wskApczbsbnxpycfjasscmcobkumbkysalgcubukmdtbaafesppanavAaeecAtcmaycjaubrvwbuyctcrycqyucmcqbsvyzvvvfcaxvvvgab
"run_1548,ORNOT","[12, 13, 14, 18, 20, 22, 23, 49, 51, 53, 64, 65, 69, 75, 79, 81, 82]",17,32,"[0, 16, 34, 35, 54, 72, 92, 94, 101, 105, 106, 107]",12,108,0.2962962962962963,0.1111111111111111,0.375,wskApczbsbnxpycfjasscmcobkumbkysalgcubukmdtbaafesppanavAaeecAtcmaycjaubrvwbuyctcrycqyucmcqbsvyzvvvfcaxvvvgab
"run_1548,OR",[66],1,32,"[0, 16, 34, 35, 54, 72, 92, 94, 101, 105, 106, 107]",12,108,0.2962962962962963,0.1111111111111111,0.375,wskApczbsbnxpycfjasscmcobkumbkysalgcubukmdtbaafesppanavAaeecAtcmaycjaubrvwbuyctcrycqyucmcqbsvyzvvvfcaxvvvgab
"run_1548,ANDNOT","[81, 84, 85, 87, 91, 93]",6,32,"[0, 16, 34, 35, 54, 72, 92, 94, 101, 105, 106, 107]",12,108,0.2962962962962963,0.1111111111111111,0.375,wskApczbsbnxpycfjasscmcobkumbkysalgcubukmdtbaafesppanavAaeecAtcmaycjaubrvwbuyctcrycqyucmcqbsvyzvvvfcaxvvvgab
"run_1548,NOR","[12, 13, 14, 18, 20, 22, 23, 30, 49, 51, 53, 62, 64, 65, 66, 69, 75, 76, 77, 78, 84]",21,32,"[0, 16, 34, 35, 54, 72, 92, 94, 101, 105, 106, 107]",12,108,0.2962962962962963,0.1111111111111111,0.375,wskApczbsbnxpycfjasscmcobkumbkysalgcubukmdtbaafesppanavAaeecAtcmaycjaubrvwbuyctcrycqyucmcqbsvyzvvvfcaxvvvgab
"run_1548,XOR",[],0,32,"[0, 16, 34, 35, 54, 72, 92, 94, 101, 105, 106, 107]",12,108,0.2962962962962963,0.1111111111111111,0.375,wskApczbsbnxpycfjasscmcobkumbkysalgcubukmdtbaafesppanavAaeecAtcmaycjaubrvwbuyctcrycqyucmcqbsvyzvvvfcaxvvvgab
"run_1548,EQUALS",[],0,32,"[0, 16, 34, 35, 54, 72, 92, 94, 101, 105, 106, 107]",12,108,0.2962962962962963,0.1111111111111111,0.375,wskApczbsbnxpycfjasscmcobkumbkysalgcubukmdtbaafesppanavAaeecAtcmaycjaubrvwbuyctcrycqyucmcqbsvyzvvvfcaxvvvgab
"run_1554,NOT","[23, 24, 25]",3,36,"[2, 5, 6, 7, 8, 95, 99]",7,100,0.36,0.07,0.19444444444444448,fqwmbjagcvwwzavtlsznbuyctcpalraAoamaxymybduyctayubycvdbyayarcusemyboucvcasycycjamscyyczvvvvvvvvxvvvg
"run_1554,NAND","[59, 60, 68, 69]",4,36,"[2, 5, 6, 7, 8, 95, 99]",7,100,0.36,0.07,0.19444444444444448,fqwmbjagcvwwzavtlsznbuyctcpalraAoamaxymybduyctayubycvdbyayarcusemyboucvcasycycjamscyyczvvvvvvvvxvvvg
"run_1554,AND","[43, 44, 47, 48, 51, 56, 58, 59, 60, 61, 62, 64, 65]",13,36,"[2, 5, 6, 7, 8, 95, 99]",7,100,0.36,0.07,0.19444444444444448,fqwmbjagcvwwzavtlsznbuyctcpalraAoamaxymybduyctayubycvdbyayarcusemyboucvcasycycjamscyyczvvvvvvvvxvvvg
"run_1554,ORNOT","[22, 23, 24, 25, 30, 42, 46, 47]",8,36,"[2, 5, 6, 7, 8, 95, 99]",7,100,0.36,0.07,0.19444444444444448,fqwmbjagcvwwzavtlsznbuyctcpalraAoamaxymybduyctayubycvdbyayarcusemyboucvcasycycjamscyyczvvvvvvvvxvvvg
"run_1554,OR","[58, 59, 60, 65, 68, 69, 73, 74, 75, 76, 77, 80, 81, 84, 85]",15,36,"[2, 5, 6, 7, 8, 95, 99]",7,100,0.36,0.07,0.19444444444444448,fqwmbjagcvwwzavtlsznbuyctcpalraAoamaxymybduyctayubycvdbyayarcusemyboucvcasycycjamscyyczvvvvvvvvxvvvg
"run_1554,ANDNOT","[59, 60, 65, 68, 73, 75, 77, 80, 82, 83]",10,36,"[2, 5, 6, 7, 8, 95, 99]",7,100,0.36,0.07,0.19444444444444448,fqwmbjagcvwwzavtlsznbuyctcpalraAoamaxymybduyctayubycvdbyayarcusemyboucvcasycycjamscyyczvvvvvvvvxvvvg
"run_1554,NOR","[22, 23, 24, 25, 30, 37, 39, 42, 43, 44, 45]",11,36,"[2, 5, 6, 7, 8, 95, 99]",7,100,0.36,0.07,0.19444444444444448,fqwmbjagcvwwzavtlsznbuyctcpalraAoamaxymybduyctayubycvdbyayarcusemyboucvcasycycjamscyyczvvvvvvvvxvvvg
"run_1554,XOR",[],0,36,"[2, 5, 6, 7, 8, 95, 99]",7,100,0.36,0.07,0.19444444444444448,fqwmbjagcvwwzavtlsznbuyctcpalraAoamaxymybduyctayubycvdbyayarcusemyboucvcasycycjamscyyczvvvvvvvvxvvvg
"run_1554,EQUALS",[],0,36,"[2, 5, 6, 7, 8, 95, 99]",7,100,0.36,0.07,0.19444444444444448,fqwmbjagcvwwzavtlsznbuyctcpalraAoamaxymybduyctayubycvdbyayarcusemyboucvcasycycjamscyyczvvvvvvvvxvvvg
